2025-11-24T22:46:09+0000 [canarytokens.switchboard#info] Canarytokens switchboard started
2025-11-24T22:46:09+0000 [canarytokens.channel#info] Started channel Email
2025-11-24T22:46:09+0000 [canarytokens.channel#info] Started channel Webhook
2025-11-24T22:46:09+0000 [canarytokens.channel#info] Started channel DNS
2025-11-24T22:46:09+0000 [canarytokens.channel#info] Started channel HTTP
2025-11-24T22:46:09+0000 [canarytokens.channel#info] Started channel SMTP
2025-11-24T22:46:09+0000 [canarytokens.channel#info] Started channel Kubeconfig
2025-11-24T22:46:09+0000 [canarytokens.channel_input_mtls#debug] _get_ssl_context
2025-11-24T22:46:09+0000 [canarytokens.channel_input_mtls#debug] checking for: kubeconfig_client_ca
2025-11-24T22:46:09+0000 [canarytokens.channel_input_mtls#debug] cert found
2025-11-24T22:46:09+0000 [canarytokens.channel_input_mtls#debug] checking for: kubeconfig_server_ca
2025-11-24T22:46:09+0000 [canarytokens.channel_input_mtls#debug] cert found
2025-11-24T22:46:09+0000 [canarytokens.channel_input_mtls#debug] checking for: kubeconfig_server_cert
2025-11-24T22:46:09+0000 [canarytokens.channel_input_mtls#debug] cert found
2025-11-24T22:46:09+0000 [canarytokens.channel#info] Started channel MYSQL
2025-11-24T22:46:09+0000 [canarytokens.channel#info] Started channel WireGuard
2025-11-24T22:46:09+0000 [canarytokens.channel_input_wireguard#info] Console public key: b'C5BiVM6GYGkalu/4WwP+o7Gzb+gFHhrRUhIrXTkkwn4='
2025-11-24T22:46:09+0000 [-] Loaded.
2025-11-24T22:46:07+0000 [-] Loading switchboard.tac...
2025-11-24T22:46:09+0000 [canarytokens.switchboard#info] Canarytokens switchboard started
2025-11-24T22:46:09+0000 [canarytokens.channel#info] Started channel Email
2025-11-24T22:46:09+0000 [canarytokens.channel#info] Started channel Webhook
2025-11-24T22:46:09+0000 [canarytokens.channel#info] Started channel DNS
2025-11-24T22:46:09+0000 [canarytokens.channel#info] Started channel HTTP
2025-11-24T22:46:09+0000 [canarytokens.channel#info] Started channel SMTP
2025-11-24T22:46:09+0000 [canarytokens.channel#info] Started channel Kubeconfig
2025-11-24T22:46:09+0000 [canarytokens.channel_input_mtls#debug] _get_ssl_context
2025-11-24T22:46:09+0000 [canarytokens.channel_input_mtls#debug] checking for: kubeconfig_client_ca
2025-11-24T22:46:09+0000 [canarytokens.channel_input_mtls#debug] cert found
2025-11-24T22:46:09+0000 [canarytokens.channel_input_mtls#debug] checking for: kubeconfig_server_ca
2025-11-24T22:46:09+0000 [canarytokens.channel_input_mtls#debug] cert found
2025-11-24T22:46:09+0000 [canarytokens.channel_input_mtls#debug] checking for: kubeconfig_server_cert
2025-11-24T22:46:09+0000 [canarytokens.channel_input_mtls#debug] cert found
2025-11-24T22:46:09+0000 [canarytokens.channel#info] Started channel MYSQL
2025-11-24T22:46:09+0000 [canarytokens.channel#info] Started channel WireGuard
2025-11-24T22:46:09+0000 [canarytokens.channel_input_wireguard#info] Console public key: b'C5BiVM6GYGkalu/4WwP+o7Gzb+gFHhrRUhIrXTkkwn4='
2025-11-24T22:46:09+0000 [-] Loaded.
2025-11-24T22:46:09+0000 [twisted.scripts._twistd_unix.UnixAppLogger#info] twistd 22.10.0 (/srv/.venv/bin/python 3.9.25) starting up.
2025-11-24T22:46:09+0000 [twisted.scripts._twistd_unix.UnixAppLogger#info] reactor class: twisted.internet.epollreactor.EPollReactor.
2025-11-24T22:46:09+0000 [-] DNSDatagramProtocol starting on 5354
2025-11-24T22:46:09+0000 [-] Starting protocol <twisted.names.dns.DNSDatagramProtocol object at 0x7610c2f801f0>
2025-11-24T22:46:09+0000 [-] Site starting on 8083
2025-11-24T22:46:09+0000 [twisted.web.server.Site#info] Starting factory <twisted.web.server.Site object at 0x7610c2f804f0>
2025-11-24T22:46:09+0000 [-] CanarySMTPFactory starting on 2500
2025-11-24T22:46:09+0000 [canarytokens.channel_input_smtp.CanarySMTPFactory#info] Starting factory <canarytokens.channel_input_smtp.CanarySMTPFactory object at 0x7610c2f80580>
2025-11-24T22:46:09+0000 [-] mTLSFactory (TLS) starting on 6443
2025-11-24T22:46:09+0000 [canarytokens.channel_input_mtls.mTLSFactory#info] Starting factory <canarytokens.channel_input_mtls.mTLSFactory object at 0x7610c35e54f0>
2025-11-24T22:46:09+0000 [-] CanaryMySQLFactory starting on 3306
2025-11-24T22:46:09+0000 [canarytokens.channel_input_mysql.CanaryMySQLFactory#info] Starting factory <canarytokens.channel_input_mysql.CanaryMySQLFactory object at 0x7610c35e5ac0>
2025-11-24T22:46:09+0000 [-] WireGuardProtocol starting on 51820
2025-11-24T22:46:09+0000 [-] Starting protocol <canarytokens.channel_input_wireguard.WireGuardProtocol object at 0x7610c35e5550>
2025-11-24T22:49:09+0000 [canarytokens.queries#warn] Error getting geo ip: HTTPConnectionPool(host='ipinfo.io', port=80): Max retries exceeded with url: /192.120.2.115/json (Caused by NewConnectionError('<urllib3.connection.HTTPConnection object at 0x7610c2dcfa30>: Failed to establish a new connection: [Errno -3] Temporary failure in name resolution'))
2025-11-24T22:49:09+0000 [canarytokens.queries#info] Saved canarydrop for token: vhpomd2si5m8eozfr6fpy6v2y
2025-11-24T22:49:09+0000 [canarytokens.channel#info] reactor is running?: True
2025-11-24T22:49:09+0000 [twisted.python.log#info] "172.18.0.5" - - [24/Nov/2025:22:49:08 +0000] "GET /stuff/vhpomd2si5m8eozfr6fpy6v2y/payments.js HTTP/1.0" 200 55 "-" "Mozilla/4.0 (compatible; ms-office; MSOffice 16)"
2025-11-24T22:49:09+0000 [canarytokens.channel_output_email#error] No email settings found
2025-11-24T22:49:09+0000 [canarytokens.channel#error] Dispatch errored: [Failure instance: Traceback: <class 'AttributeError'>: 'NoneType' object has no attribute 'value'
	/usr/local/lib/python3.9/threading.py:980:_bootstrap_inner
	/usr/local/lib/python3.9/threading.py:917:run
	/srv/.venv/lib/python3.9/site-packages/twisted/_threads/_threadworker.py:47:work
	/srv/.venv/lib/python3.9/site-packages/twisted/_threads/_team.py:182:doWork
	--- <exception caught here> ---
	/srv/.venv/lib/python3.9/site-packages/twisted/python/threadpool.py:244:inContext
	/srv/.venv/lib/python3.9/site-packages/twisted/python/threadpool.py:260:<lambda>
	/srv/.venv/lib/python3.9/site-packages/twisted/python/context.py:117:callWithContext
	/srv/.venv/lib/python3.9/site-packages/twisted/python/context.py:82:callWithContext
	/srv/canarytokens/switchboard.py:93:dispatch
	/srv/canarytokens/channel.py:159:send_alert
	/srv/canarytokens/channel_output_email.py:593:do_send_alert
	/srv/canarytokens/channel_output_email.py:605:handle_email_response
	/srv/canarytokens/channel_output_email.py:100:handle
	]
2026-02-27T01:26:05+0000 [canarytokens.switchboard#info] Canarytokens switchboard started
2026-02-27T01:26:05+0000 [canarytokens.channel#info] Started channel Email
2026-02-27T01:26:05+0000 [canarytokens.channel#info] Started channel Webhook
2026-02-27T01:26:05+0000 [canarytokens.channel#info] Started channel DNS
2026-02-27T01:26:05+0000 [canarytokens.channel#info] Started channel HTTP
2026-02-27T01:26:05+0000 [canarytokens.channel#info] Started channel SMTP
2026-02-27T01:26:05+0000 [canarytokens.channel#info] Started channel Kubeconfig
2026-02-27T01:26:05+0000 [canarytokens.channel_input_mtls#debug] _get_ssl_context
2026-02-27T01:26:05+0000 [canarytokens.channel_input_mtls#debug] checking for: kubeconfig_client_ca
2026-02-27T01:26:05+0000 [canarytokens.channel_input_mtls#debug] generating cert
2026-02-27T01:26:05+0000 [canarytokens.channel_input_mtls#debug] generating new certificate
2026-02-27T01:26:06+0000 [canarytokens.channel_input_mtls#debug] checking for: kubeconfig_server_ca
2026-02-27T01:26:06+0000 [canarytokens.channel_input_mtls#debug] generating cert
2026-02-27T01:26:06+0000 [canarytokens.channel_input_mtls#debug] generating new certificate
2026-02-27T01:26:06+0000 [canarytokens.channel_input_mtls#debug] checking for: kubeconfig_server_cert
2026-02-27T01:26:06+0000 [canarytokens.channel_input_mtls#debug] generating cert
2026-02-27T01:26:06+0000 [canarytokens.channel_input_mtls#debug] generating new certificate
2026-02-27T01:26:07+0000 [canarytokens.channel#info] Started channel MYSQL
2026-02-27T01:26:07+0000 [canarytokens.channel#info] Started channel WireGuard
2026-02-27T01:26:07+0000 [canarytokens.channel_input_wireguard#info] Console public key: b'riv6HSqElla1zRsGO8Tb9Y/t+gSmCrdYJ+EDsaUBw1o='
2026-02-27T01:26:07+0000 [-] Loaded.
2026-02-27T01:26:02+0000 [-] Loading switchboard.tac...
2026-02-27T01:26:05+0000 [canarytokens.switchboard#info] Canarytokens switchboard started
2026-02-27T01:26:05+0000 [canarytokens.channel#info] Started channel Email
2026-02-27T01:26:05+0000 [canarytokens.channel#info] Started channel Webhook
2026-02-27T01:26:05+0000 [canarytokens.channel#info] Started channel DNS
2026-02-27T01:26:05+0000 [canarytokens.channel#info] Started channel HTTP
2026-02-27T01:26:05+0000 [canarytokens.channel#info] Started channel SMTP
2026-02-27T01:26:05+0000 [canarytokens.channel#info] Started channel Kubeconfig
2026-02-27T01:26:05+0000 [canarytokens.channel_input_mtls#debug] _get_ssl_context
2026-02-27T01:26:05+0000 [canarytokens.channel_input_mtls#debug] checking for: kubeconfig_client_ca
2026-02-27T01:26:05+0000 [canarytokens.channel_input_mtls#debug] generating cert
2026-02-27T01:26:05+0000 [canarytokens.channel_input_mtls#debug] generating new certificate
2026-02-27T01:26:06+0000 [canarytokens.channel_input_mtls#debug] checking for: kubeconfig_server_ca
2026-02-27T01:26:06+0000 [canarytokens.channel_input_mtls#debug] generating cert
2026-02-27T01:26:06+0000 [canarytokens.channel_input_mtls#debug] generating new certificate
2026-02-27T01:26:06+0000 [canarytokens.channel_input_mtls#debug] checking for: kubeconfig_server_cert
2026-02-27T01:26:06+0000 [canarytokens.channel_input_mtls#debug] generating cert
2026-02-27T01:26:06+0000 [canarytokens.channel_input_mtls#debug] generating new certificate
2026-02-27T01:26:07+0000 [canarytokens.channel#info] Started channel MYSQL
2026-02-27T01:26:07+0000 [canarytokens.channel#info] Started channel WireGuard
2026-02-27T01:26:07+0000 [canarytokens.channel_input_wireguard#info] Console public key: b'riv6HSqElla1zRsGO8Tb9Y/t+gSmCrdYJ+EDsaUBw1o='
2026-02-27T01:26:07+0000 [-] Loaded.
2026-02-27T01:26:07+0000 [twisted.scripts._twistd_unix.UnixAppLogger#info] twistd 24.11.0 (/srv/.venv/bin/python 3.13.12) starting up.
2026-02-27T01:26:07+0000 [twisted.scripts._twistd_unix.UnixAppLogger#info] reactor class: twisted.internet.epollreactor.EPollReactor.
2026-02-27T01:26:07+0000 [-] DNSDatagramProtocol starting on 5354
2026-02-27T01:26:07+0000 [-] Starting protocol <twisted.names.dns.DNSDatagramProtocol object at 0x7fbd0b6582f0>
2026-02-27T01:26:07+0000 [-] Site starting on 8083
2026-02-27T01:26:07+0000 [twisted.web.server.Site#info] Starting factory <twisted.web.server.Site object at 0x7fbd0b658ad0>
2026-02-27T01:26:07+0000 [-] CanarySMTPFactory starting on 2500
2026-02-27T01:26:07+0000 [canarytokens.channel_input_smtp.CanarySMTPFactory#info] Starting factory <canarytokens.channel_input_smtp.CanarySMTPFactory object at 0x7fbd0b658ec0>
2026-02-27T01:26:07+0000 [-] mTLSFactory (TLS) starting on 6443
2026-02-27T01:26:07+0000 [canarytokens.channel_input_mtls.mTLSFactory#info] Starting factory <canarytokens.channel_input_mtls.mTLSFactory object at 0x7fbd0b65bb60>
2026-02-27T01:26:07+0000 [-] CanaryMySQLFactory starting on 3306
2026-02-27T01:26:07+0000 [canarytokens.channel_input_mysql.CanaryMySQLFactory#info] Starting factory <canarytokens.channel_input_mysql.CanaryMySQLFactory object at 0x7fbd0b65be00>
2026-02-27T01:26:07+0000 [-] WireGuardProtocol starting on 51820
2026-02-27T01:26:07+0000 [-] Starting protocol <canarytokens.channel_input_wireguard.WireGuardProtocol object at 0x7fbd0b6941a0>
2026-02-27T01:36:32+0000 [twisted.internet.base#info] Received SIGTERM, shutting down.
2026-02-27T01:36:32+0000 [-] (UDP Port 51820 Closed)
2026-02-27T01:36:32+0000 [-] Stopping protocol <canarytokens.channel_input_wireguard.WireGuardProtocol object at 0x7fbd0b6941a0>
2026-02-27T01:36:32+0000 [-] (TCP Port 3306 Closed)
2026-02-27T01:36:32+0000 [canarytokens.channel_input_mysql.CanaryMySQLFactory#info] Stopping factory <canarytokens.channel_input_mysql.CanaryMySQLFactory object at 0x7fbd0b65be00>
2026-02-27T01:36:32+0000 [-] (TLS Port 6443 Closed)
2026-02-27T01:36:32+0000 [canarytokens.channel_input_mtls.mTLSFactory#info] Stopping factory <canarytokens.channel_input_mtls.mTLSFactory object at 0x7fbd0b65bb60>
2026-02-27T01:36:32+0000 [-] (TCP Port 2500 Closed)
2026-02-27T01:36:32+0000 [canarytokens.channel_input_smtp.CanarySMTPFactory#info] Stopping factory <canarytokens.channel_input_smtp.CanarySMTPFactory object at 0x7fbd0b658ec0>
2026-02-27T01:36:32+0000 [-] (TCP Port 8083 Closed)
2026-02-27T01:36:32+0000 [twisted.web.server.Site#info] Stopping factory <twisted.web.server.Site object at 0x7fbd0b658ad0>
2026-02-27T01:36:32+0000 [-] (UDP Port 5354 Closed)
2026-02-27T01:36:32+0000 [-] Stopping protocol <twisted.names.dns.DNSDatagramProtocol object at 0x7fbd0b6582f0>
2026-02-27T01:36:32+0000 [twisted.internet.base#info] Main loop terminated.
2026-02-27T01:36:32+0000 [twisted.scripts._twistd_unix.UnixAppLogger#info] Server Shut Down.
2026-02-27T01:59:10+0000 [canarytokens.switchboard#info] Canarytokens switchboard started
2026-02-27T01:59:10+0000 [canarytokens.channel#info] Started channel Email
2026-02-27T01:59:10+0000 [canarytokens.channel#info] Started channel Webhook
2026-02-27T01:59:10+0000 [canarytokens.channel#info] Started channel DNS
2026-02-27T01:59:10+0000 [canarytokens.channel#info] Started channel HTTP
2026-02-27T01:59:10+0000 [canarytokens.channel#info] Started channel SMTP
2026-02-27T01:59:10+0000 [canarytokens.channel#info] Started channel Kubeconfig
2026-02-27T01:59:10+0000 [canarytokens.channel_input_mtls#debug] _get_ssl_context
2026-02-27T01:59:10+0000 [canarytokens.channel_input_mtls#debug] checking for: kubeconfig_client_ca
2026-02-27T01:59:10+0000 [canarytokens.channel_input_mtls#debug] cert found
2026-02-27T01:59:10+0000 [canarytokens.channel_input_mtls#debug] checking for: kubeconfig_server_ca
2026-02-27T01:59:10+0000 [canarytokens.channel_input_mtls#debug] cert found
2026-02-27T01:59:10+0000 [canarytokens.channel_input_mtls#debug] checking for: kubeconfig_server_cert
2026-02-27T01:59:10+0000 [canarytokens.channel_input_mtls#debug] cert found
2026-02-27T01:59:10+0000 [canarytokens.channel#info] Started channel MYSQL
2026-02-27T01:59:10+0000 [canarytokens.channel#info] Started channel WireGuard
2026-02-27T01:59:10+0000 [canarytokens.channel_input_wireguard#info] Console public key: b'5JKiiMZSUPh9414I1primgFnxeKCGCF44B7uIEOVDXs='
2026-02-27T01:59:10+0000 [-] Loaded.
2026-02-27T01:59:07+0000 [-] Loading switchboard.tac...
2026-02-27T01:59:10+0000 [canarytokens.switchboard#info] Canarytokens switchboard started
2026-02-27T01:59:10+0000 [canarytokens.channel#info] Started channel Email
2026-02-27T01:59:10+0000 [canarytokens.channel#info] Started channel Webhook
2026-02-27T01:59:10+0000 [canarytokens.channel#info] Started channel DNS
2026-02-27T01:59:10+0000 [canarytokens.channel#info] Started channel HTTP
2026-02-27T01:59:10+0000 [canarytokens.channel#info] Started channel SMTP
2026-02-27T01:59:10+0000 [canarytokens.channel#info] Started channel Kubeconfig
2026-02-27T01:59:10+0000 [canarytokens.channel_input_mtls#debug] _get_ssl_context
2026-02-27T01:59:10+0000 [canarytokens.channel_input_mtls#debug] checking for: kubeconfig_client_ca
2026-02-27T01:59:10+0000 [canarytokens.channel_input_mtls#debug] cert found
2026-02-27T01:59:10+0000 [canarytokens.channel_input_mtls#debug] checking for: kubeconfig_server_ca
2026-02-27T01:59:10+0000 [canarytokens.channel_input_mtls#debug] cert found
2026-02-27T01:59:10+0000 [canarytokens.channel_input_mtls#debug] checking for: kubeconfig_server_cert
2026-02-27T01:59:10+0000 [canarytokens.channel_input_mtls#debug] cert found
2026-02-27T01:59:10+0000 [canarytokens.channel#info] Started channel MYSQL
2026-02-27T01:59:10+0000 [canarytokens.channel#info] Started channel WireGuard
2026-02-27T01:59:10+0000 [canarytokens.channel_input_wireguard#info] Console public key: b'5JKiiMZSUPh9414I1primgFnxeKCGCF44B7uIEOVDXs='
2026-02-27T01:59:10+0000 [-] Loaded.
2026-02-27T01:59:10+0000 [twisted.scripts._twistd_unix.UnixAppLogger#info] twistd 24.11.0 (/srv/.venv/bin/python 3.13.12) starting up.
2026-02-27T01:59:10+0000 [twisted.scripts._twistd_unix.UnixAppLogger#info] reactor class: twisted.internet.epollreactor.EPollReactor.
2026-02-27T01:59:10+0000 [-] DNSDatagramProtocol starting on 5354
2026-02-27T01:59:10+0000 [-] Starting protocol <twisted.names.dns.DNSDatagramProtocol object at 0x7f0fa96582f0>
2026-02-27T01:59:10+0000 [-] Site starting on 8083
2026-02-27T01:59:10+0000 [twisted.web.server.Site#info] Starting factory <twisted.web.server.Site object at 0x7f0fa9658ad0>
2026-02-27T01:59:10+0000 [-] CanarySMTPFactory starting on 2500
2026-02-27T01:59:10+0000 [canarytokens.channel_input_smtp.CanarySMTPFactory#info] Starting factory <canarytokens.channel_input_smtp.CanarySMTPFactory object at 0x7f0fa9658ec0>
2026-02-27T01:59:10+0000 [-] mTLSFactory (TLS) starting on 6443
2026-02-27T01:59:10+0000 [canarytokens.channel_input_mtls.mTLSFactory#info] Starting factory <canarytokens.channel_input_mtls.mTLSFactory object at 0x7f0fa965bb60>
2026-02-27T01:59:10+0000 [-] CanaryMySQLFactory starting on 3306
2026-02-27T01:59:10+0000 [canarytokens.channel_input_mysql.CanaryMySQLFactory#info] Starting factory <canarytokens.channel_input_mysql.CanaryMySQLFactory object at 0x7f0fa96941a0>
2026-02-27T01:59:10+0000 [-] WireGuardProtocol starting on 51820
2026-02-27T01:59:10+0000 [-] Starting protocol <canarytokens.channel_input_wireguard.WireGuardProtocol object at 0x7f0fa9694980>
2026-03-05T22:03:19+0000 [twisted.internet.base#info] Received SIGTERM, shutting down.
2026-03-05T22:03:19+0000 [-] (UDP Port 51820 Closed)
2026-03-05T22:03:19+0000 [-] Stopping protocol <canarytokens.channel_input_wireguard.WireGuardProtocol object at 0x7f0fa9694980>
2026-03-05T22:03:19+0000 [-] (TCP Port 3306 Closed)
2026-03-05T22:03:19+0000 [canarytokens.channel_input_mysql.CanaryMySQLFactory#info] Stopping factory <canarytokens.channel_input_mysql.CanaryMySQLFactory object at 0x7f0fa96941a0>
2026-03-05T22:03:19+0000 [-] (TLS Port 6443 Closed)
2026-03-05T22:03:19+0000 [canarytokens.channel_input_mtls.mTLSFactory#info] Stopping factory <canarytokens.channel_input_mtls.mTLSFactory object at 0x7f0fa965bb60>
2026-03-05T22:03:19+0000 [-] (TCP Port 2500 Closed)
2026-03-05T22:03:19+0000 [canarytokens.channel_input_smtp.CanarySMTPFactory#info] Stopping factory <canarytokens.channel_input_smtp.CanarySMTPFactory object at 0x7f0fa9658ec0>
2026-03-05T22:03:19+0000 [-] (TCP Port 8083 Closed)
2026-03-05T22:03:19+0000 [twisted.web.server.Site#info] Stopping factory <twisted.web.server.Site object at 0x7f0fa9658ad0>
2026-03-05T22:03:19+0000 [-] (UDP Port 5354 Closed)
2026-03-05T22:03:19+0000 [-] Stopping protocol <twisted.names.dns.DNSDatagramProtocol object at 0x7f0fa96582f0>
2026-03-05T22:03:19+0000 [twisted.internet.base#info] Main loop terminated.
2026-03-05T22:03:19+0000 [twisted.scripts._twistd_unix.UnixAppLogger#info] Server Shut Down.
2026-03-05T22:03:30+0000 [canarytokens.switchboard#info] Canarytokens switchboard started
2026-03-05T22:03:30+0000 [canarytokens.channel#info] Started channel Email
2026-03-05T22:03:30+0000 [canarytokens.channel#info] Started channel Webhook
2026-03-05T22:03:30+0000 [canarytokens.channel#info] Started channel DNS
2026-03-05T22:03:30+0000 [canarytokens.channel#info] Started channel HTTP
2026-03-05T22:03:30+0000 [canarytokens.channel#info] Started channel SMTP
2026-03-05T22:03:30+0000 [canarytokens.channel#info] Started channel Kubeconfig
2026-03-05T22:03:30+0000 [canarytokens.channel_input_mtls#debug] _get_ssl_context
2026-03-05T22:03:30+0000 [canarytokens.channel_input_mtls#debug] checking for: kubeconfig_client_ca
2026-03-05T22:03:30+0000 [canarytokens.channel_input_mtls#debug] cert found
2026-03-05T22:03:30+0000 [canarytokens.channel_input_mtls#debug] checking for: kubeconfig_server_ca
2026-03-05T22:03:30+0000 [canarytokens.channel_input_mtls#debug] cert found
2026-03-05T22:03:30+0000 [canarytokens.channel_input_mtls#debug] checking for: kubeconfig_server_cert
2026-03-05T22:03:30+0000 [canarytokens.channel_input_mtls#debug] cert found
2026-03-05T22:03:30+0000 [canarytokens.channel#info] Started channel MYSQL
2026-03-05T22:03:30+0000 [canarytokens.channel#info] Started channel WireGuard
2026-03-05T22:03:30+0000 [canarytokens.channel_input_wireguard#info] Console public key: b'T9PxRJ9pzqUyVuzY8RVfDgU4JFHvNptPSkFneLpvimE='
2026-03-05T22:03:30+0000 [-] Loaded.
2026-03-05T22:03:28+0000 [-] Loading switchboard.tac...
2026-03-05T22:03:30+0000 [canarytokens.switchboard#info] Canarytokens switchboard started
2026-03-05T22:03:30+0000 [canarytokens.channel#info] Started channel Email
2026-03-05T22:03:30+0000 [canarytokens.channel#info] Started channel Webhook
2026-03-05T22:03:30+0000 [canarytokens.channel#info] Started channel DNS
2026-03-05T22:03:30+0000 [canarytokens.channel#info] Started channel HTTP
2026-03-05T22:03:30+0000 [canarytokens.channel#info] Started channel SMTP
2026-03-05T22:03:30+0000 [canarytokens.channel#info] Started channel Kubeconfig
2026-03-05T22:03:30+0000 [canarytokens.channel_input_mtls#debug] _get_ssl_context
2026-03-05T22:03:30+0000 [canarytokens.channel_input_mtls#debug] checking for: kubeconfig_client_ca
2026-03-05T22:03:30+0000 [canarytokens.channel_input_mtls#debug] cert found
2026-03-05T22:03:30+0000 [canarytokens.channel_input_mtls#debug] checking for: kubeconfig_server_ca
2026-03-05T22:03:30+0000 [canarytokens.channel_input_mtls#debug] cert found
2026-03-05T22:03:30+0000 [canarytokens.channel_input_mtls#debug] checking for: kubeconfig_server_cert
2026-03-05T22:03:30+0000 [canarytokens.channel_input_mtls#debug] cert found
2026-03-05T22:03:30+0000 [canarytokens.channel#info] Started channel MYSQL
2026-03-05T22:03:30+0000 [canarytokens.channel#info] Started channel WireGuard
2026-03-05T22:03:30+0000 [canarytokens.channel_input_wireguard#info] Console public key: b'T9PxRJ9pzqUyVuzY8RVfDgU4JFHvNptPSkFneLpvimE='
2026-03-05T22:03:30+0000 [-] Loaded.
2026-03-05T22:03:30+0000 [twisted.scripts._twistd_unix.UnixAppLogger#info] twistd 24.11.0 (/srv/.venv/bin/python 3.13.12) starting up.
2026-03-05T22:03:30+0000 [twisted.scripts._twistd_unix.UnixAppLogger#info] reactor class: twisted.internet.epollreactor.EPollReactor.
2026-03-05T22:03:30+0000 [-] DNSDatagramProtocol starting on 5354
2026-03-05T22:03:30+0000 [-] Starting protocol <twisted.names.dns.DNSDatagramProtocol object at 0x7f2e644442f0>
2026-03-05T22:03:30+0000 [-] Site starting on 8083
2026-03-05T22:03:30+0000 [twisted.web.server.Site#info] Starting factory <twisted.web.server.Site object at 0x7f2e64444ad0>
2026-03-05T22:03:30+0000 [-] CanarySMTPFactory starting on 2500
2026-03-05T22:03:30+0000 [canarytokens.channel_input_smtp.CanarySMTPFactory#info] Starting factory <canarytokens.channel_input_smtp.CanarySMTPFactory object at 0x7f2e64444ec0>
2026-03-05T22:03:30+0000 [-] mTLSFactory (TLS) starting on 6443
2026-03-05T22:03:30+0000 [canarytokens.channel_input_mtls.mTLSFactory#info] Starting factory <canarytokens.channel_input_mtls.mTLSFactory object at 0x7f2e64447b60>
2026-03-05T22:03:30+0000 [-] CanaryMySQLFactory starting on 3306
2026-03-05T22:03:30+0000 [canarytokens.channel_input_mysql.CanaryMySQLFactory#info] Starting factory <canarytokens.channel_input_mysql.CanaryMySQLFactory object at 0x7f2e644901a0>
2026-03-05T22:03:30+0000 [-] WireGuardProtocol starting on 51820
2026-03-05T22:03:30+0000 [-] Starting protocol <canarytokens.channel_input_wireguard.WireGuardProtocol object at 0x7f2e64490980>
2026-03-19T20:29:18+0000 [twisted.internet.base#info] Received SIGTERM, shutting down.
2026-03-19T20:29:18+0000 [-] (UDP Port 51820 Closed)
2026-03-19T20:29:18+0000 [-] Stopping protocol <canarytokens.channel_input_wireguard.WireGuardProtocol object at 0x7f2e64490980>
2026-03-19T20:29:18+0000 [-] (TCP Port 3306 Closed)
2026-03-19T20:29:18+0000 [canarytokens.channel_input_mysql.CanaryMySQLFactory#info] Stopping factory <canarytokens.channel_input_mysql.CanaryMySQLFactory object at 0x7f2e644901a0>
2026-03-19T20:29:18+0000 [-] (TLS Port 6443 Closed)
2026-03-19T20:29:18+0000 [canarytokens.channel_input_mtls.mTLSFactory#info] Stopping factory <canarytokens.channel_input_mtls.mTLSFactory object at 0x7f2e64447b60>
2026-03-19T20:29:18+0000 [-] (TCP Port 2500 Closed)
2026-03-19T20:29:18+0000 [canarytokens.channel_input_smtp.CanarySMTPFactory#info] Stopping factory <canarytokens.channel_input_smtp.CanarySMTPFactory object at 0x7f2e64444ec0>
2026-03-19T20:29:18+0000 [-] (TCP Port 8083 Closed)
2026-03-19T20:29:18+0000 [twisted.web.server.Site#info] Stopping factory <twisted.web.server.Site object at 0x7f2e64444ad0>
2026-03-19T20:29:18+0000 [-] (UDP Port 5354 Closed)
2026-03-19T20:29:18+0000 [-] Stopping protocol <twisted.names.dns.DNSDatagramProtocol object at 0x7f2e644442f0>
2026-03-19T20:29:18+0000 [twisted.internet.base#info] Main loop terminated.
2026-03-19T20:29:18+0000 [twisted.scripts._twistd_unix.UnixAppLogger#info] Server Shut Down.
2026-03-28T03:40:25+0000 [canarytokens.switchboard#info] Canarytokens switchboard started
2026-03-28T03:40:25+0000 [canarytokens.channel#info] Started channel Email
2026-03-28T03:40:25+0000 [canarytokens.channel#info] Started channel Webhook
2026-03-28T03:40:25+0000 [canarytokens.channel#info] Started channel DNS
2026-03-28T03:40:25+0000 [canarytokens.channel#info] Started channel HTTP
2026-03-28T03:40:25+0000 [canarytokens.channel#info] Started channel SMTP
2026-03-28T03:40:26+0000 [canarytokens.channel#info] Started channel Kubeconfig
2026-03-28T03:40:26+0000 [canarytokens.channel_input_mtls#debug] _get_ssl_context
2026-03-28T03:40:26+0000 [canarytokens.channel_input_mtls#debug] checking for: kubeconfig_client_ca
2026-03-28T03:40:26+0000 [canarytokens.channel_input_mtls#debug] cert found
2026-03-28T03:40:26+0000 [canarytokens.channel_input_mtls#debug] checking for: kubeconfig_server_ca
2026-03-28T03:40:26+0000 [canarytokens.channel_input_mtls#debug] cert found
2026-03-28T03:40:26+0000 [canarytokens.channel_input_mtls#debug] checking for: kubeconfig_server_cert
2026-03-28T03:40:26+0000 [canarytokens.channel_input_mtls#debug] cert found
2026-03-28T03:40:26+0000 [canarytokens.channel#info] Started channel MYSQL
2026-03-28T03:40:26+0000 [canarytokens.channel#info] Started channel WireGuard
2026-03-28T03:40:26+0000 [canarytokens.channel_input_wireguard#info] Console public key: b'uq12YRFYv6vvXbFv9pD6AjZRGTJHFDhdXMEpxiBSl3c='
2026-03-28T03:40:26+0000 [-] Loaded.
2026-03-28T03:40:22+0000 [-] Loading switchboard.tac...
2026-03-28T03:40:25+0000 [canarytokens.switchboard#info] Canarytokens switchboard started
2026-03-28T03:40:25+0000 [canarytokens.channel#info] Started channel Email
2026-03-28T03:40:25+0000 [canarytokens.channel#info] Started channel Webhook
2026-03-28T03:40:25+0000 [canarytokens.channel#info] Started channel DNS
2026-03-28T03:40:25+0000 [canarytokens.channel#info] Started channel HTTP
2026-03-28T03:40:25+0000 [canarytokens.channel#info] Started channel SMTP
2026-03-28T03:40:26+0000 [canarytokens.channel#info] Started channel Kubeconfig
2026-03-28T03:40:26+0000 [canarytokens.channel_input_mtls#debug] _get_ssl_context
2026-03-28T03:40:26+0000 [canarytokens.channel_input_mtls#debug] checking for: kubeconfig_client_ca
2026-03-28T03:40:26+0000 [canarytokens.channel_input_mtls#debug] cert found
2026-03-28T03:40:26+0000 [canarytokens.channel_input_mtls#debug] checking for: kubeconfig_server_ca
2026-03-28T03:40:26+0000 [canarytokens.channel_input_mtls#debug] cert found
2026-03-28T03:40:26+0000 [canarytokens.channel_input_mtls#debug] checking for: kubeconfig_server_cert
2026-03-28T03:40:26+0000 [canarytokens.channel_input_mtls#debug] cert found
2026-03-28T03:40:26+0000 [canarytokens.channel#info] Started channel MYSQL
2026-03-28T03:40:26+0000 [canarytokens.channel#info] Started channel WireGuard
2026-03-28T03:40:26+0000 [canarytokens.channel_input_wireguard#info] Console public key: b'uq12YRFYv6vvXbFv9pD6AjZRGTJHFDhdXMEpxiBSl3c='
2026-03-28T03:40:26+0000 [-] Loaded.
2026-03-28T03:40:26+0000 [twisted.scripts._twistd_unix.UnixAppLogger#info] twistd 24.11.0 (/srv/.venv/bin/python 3.13.12) starting up.
2026-03-28T03:40:26+0000 [twisted.scripts._twistd_unix.UnixAppLogger#info] reactor class: twisted.internet.epollreactor.EPollReactor.
2026-03-28T03:40:26+0000 [-] DNSDatagramProtocol starting on 5354
2026-03-28T03:40:26+0000 [-] Starting protocol <twisted.names.dns.DNSDatagramProtocol object at 0x7f0c8d6442f0>
2026-03-28T03:40:26+0000 [-] Site starting on 8083
2026-03-28T03:40:26+0000 [twisted.web.server.Site#info] Starting factory <twisted.web.server.Site object at 0x7f0c8d644ad0>
2026-03-28T03:40:26+0000 [-] CanarySMTPFactory starting on 2500
2026-03-28T03:40:26+0000 [canarytokens.channel_input_smtp.CanarySMTPFactory#info] Starting factory <canarytokens.channel_input_smtp.CanarySMTPFactory object at 0x7f0c8d644ec0>
2026-03-28T03:40:26+0000 [-] mTLSFactory (TLS) starting on 6443
2026-03-28T03:40:26+0000 [canarytokens.channel_input_mtls.mTLSFactory#info] Starting factory <canarytokens.channel_input_mtls.mTLSFactory object at 0x7f0c8d647b60>
2026-03-28T03:40:26+0000 [-] CanaryMySQLFactory starting on 3306
2026-03-28T03:40:26+0000 [canarytokens.channel_input_mysql.CanaryMySQLFactory#info] Starting factory <canarytokens.channel_input_mysql.CanaryMySQLFactory object at 0x7f0c8d6901a0>
2026-03-28T03:40:26+0000 [-] WireGuardProtocol starting on 51820
2026-03-28T03:40:26+0000 [-] Starting protocol <canarytokens.channel_input_wireguard.WireGuardProtocol object at 0x7f0c8d690980>
2026-03-29T00:39:52+0000 [twisted.internet.base#info] Received SIGTERM, shutting down.
2026-03-29T00:39:52+0000 [-] (UDP Port 51820 Closed)
2026-03-29T00:39:52+0000 [-] Stopping protocol <canarytokens.channel_input_wireguard.WireGuardProtocol object at 0x7f0c8d690980>
2026-03-29T00:39:52+0000 [-] (TCP Port 3306 Closed)
2026-03-29T00:39:52+0000 [canarytokens.channel_input_mysql.CanaryMySQLFactory#info] Stopping factory <canarytokens.channel_input_mysql.CanaryMySQLFactory object at 0x7f0c8d6901a0>
2026-03-29T00:39:52+0000 [-] (TLS Port 6443 Closed)
2026-03-29T00:39:52+0000 [canarytokens.channel_input_mtls.mTLSFactory#info] Stopping factory <canarytokens.channel_input_mtls.mTLSFactory object at 0x7f0c8d647b60>
2026-03-29T00:39:52+0000 [-] (TCP Port 2500 Closed)
2026-03-29T00:39:52+0000 [canarytokens.channel_input_smtp.CanarySMTPFactory#info] Stopping factory <canarytokens.channel_input_smtp.CanarySMTPFactory object at 0x7f0c8d644ec0>
2026-03-29T00:39:52+0000 [-] (TCP Port 8083 Closed)
2026-03-29T00:39:52+0000 [twisted.web.server.Site#info] Stopping factory <twisted.web.server.Site object at 0x7f0c8d644ad0>
2026-03-29T00:39:52+0000 [-] (UDP Port 5354 Closed)
2026-03-29T00:39:52+0000 [-] Stopping protocol <twisted.names.dns.DNSDatagramProtocol object at 0x7f0c8d6442f0>
2026-03-29T00:39:52+0000 [twisted.internet.base#info] Main loop terminated.
2026-03-29T00:39:52+0000 [twisted.scripts._twistd_unix.UnixAppLogger#info] Server Shut Down.
2026-03-29T00:40:15+0000 [canarytokens.switchboard#info] Canarytokens switchboard started
2026-03-29T00:40:15+0000 [canarytokens.channel#info] Started channel Email
2026-03-29T00:40:15+0000 [canarytokens.channel#info] Started channel Webhook
2026-03-29T00:40:15+0000 [canarytokens.channel#info] Started channel DNS
2026-03-29T00:40:15+0000 [canarytokens.channel#info] Started channel HTTP
2026-03-29T00:40:15+0000 [canarytokens.channel#info] Started channel SMTP
2026-03-29T00:40:16+0000 [canarytokens.channel#info] Started channel Kubeconfig
2026-03-29T00:40:16+0000 [canarytokens.channel_input_mtls#debug] _get_ssl_context
2026-03-29T00:40:16+0000 [canarytokens.channel_input_mtls#debug] checking for: kubeconfig_client_ca
2026-03-29T00:40:16+0000 [canarytokens.channel_input_mtls#debug] cert found
2026-03-29T00:40:16+0000 [canarytokens.channel_input_mtls#debug] checking for: kubeconfig_server_ca
2026-03-29T00:40:16+0000 [canarytokens.channel_input_mtls#debug] cert found
2026-03-29T00:40:16+0000 [canarytokens.channel_input_mtls#debug] checking for: kubeconfig_server_cert
2026-03-29T00:40:16+0000 [canarytokens.channel_input_mtls#debug] cert found
2026-03-29T00:40:16+0000 [canarytokens.channel#info] Started channel MYSQL
2026-03-29T00:40:16+0000 [canarytokens.channel#info] Started channel WireGuard
2026-03-29T00:40:16+0000 [canarytokens.channel_input_wireguard#info] Console public key: b'60JxJgvgUqiVHwgqZWbxtWN9Oe6n5/JveckpLTz4F3Q='
2026-03-29T00:40:16+0000 [-] Loaded.
2026-03-29T00:40:11+0000 [-] Loading switchboard.tac...
2026-03-29T00:40:15+0000 [canarytokens.switchboard#info] Canarytokens switchboard started
2026-03-29T00:40:15+0000 [canarytokens.channel#info] Started channel Email
2026-03-29T00:40:15+0000 [canarytokens.channel#info] Started channel Webhook
2026-03-29T00:40:15+0000 [canarytokens.channel#info] Started channel DNS
2026-03-29T00:40:15+0000 [canarytokens.channel#info] Started channel HTTP
2026-03-29T00:40:15+0000 [canarytokens.channel#info] Started channel SMTP
2026-03-29T00:40:16+0000 [canarytokens.channel#info] Started channel Kubeconfig
2026-03-29T00:40:16+0000 [canarytokens.channel_input_mtls#debug] _get_ssl_context
2026-03-29T00:40:16+0000 [canarytokens.channel_input_mtls#debug] checking for: kubeconfig_client_ca
2026-03-29T00:40:16+0000 [canarytokens.channel_input_mtls#debug] cert found
2026-03-29T00:40:16+0000 [canarytokens.channel_input_mtls#debug] checking for: kubeconfig_server_ca
2026-03-29T00:40:16+0000 [canarytokens.channel_input_mtls#debug] cert found
2026-03-29T00:40:16+0000 [canarytokens.channel_input_mtls#debug] checking for: kubeconfig_server_cert
2026-03-29T00:40:16+0000 [canarytokens.channel_input_mtls#debug] cert found
2026-03-29T00:40:16+0000 [canarytokens.channel#info] Started channel MYSQL
2026-03-29T00:40:16+0000 [canarytokens.channel#info] Started channel WireGuard
2026-03-29T00:40:16+0000 [canarytokens.channel_input_wireguard#info] Console public key: b'60JxJgvgUqiVHwgqZWbxtWN9Oe6n5/JveckpLTz4F3Q='
2026-03-29T00:40:16+0000 [-] Loaded.
2026-03-29T00:40:16+0000 [twisted.scripts._twistd_unix.UnixAppLogger#info] twistd 24.11.0 (/srv/.venv/bin/python 3.13.12) starting up.
2026-03-29T00:40:16+0000 [twisted.scripts._twistd_unix.UnixAppLogger#info] reactor class: twisted.internet.epollreactor.EPollReactor.
2026-03-29T00:40:16+0000 [-] DNSDatagramProtocol starting on 5354
2026-03-29T00:40:16+0000 [-] Starting protocol <twisted.names.dns.DNSDatagramProtocol object at 0x7fcd6b44c2f0>
2026-03-29T00:40:16+0000 [-] Site starting on 8083
2026-03-29T00:40:16+0000 [twisted.web.server.Site#info] Starting factory <twisted.web.server.Site object at 0x7fcd6b44cad0>
2026-03-29T00:40:16+0000 [-] CanarySMTPFactory starting on 2500
2026-03-29T00:40:16+0000 [canarytokens.channel_input_smtp.CanarySMTPFactory#info] Starting factory <canarytokens.channel_input_smtp.CanarySMTPFactory object at 0x7fcd6b44cec0>
2026-03-29T00:40:16+0000 [-] mTLSFactory (TLS) starting on 6443
2026-03-29T00:40:16+0000 [canarytokens.channel_input_mtls.mTLSFactory#info] Starting factory <canarytokens.channel_input_mtls.mTLSFactory object at 0x7fcd6b44fb60>
2026-03-29T00:40:16+0000 [-] CanaryMySQLFactory starting on 3306
2026-03-29T00:40:16+0000 [canarytokens.channel_input_mysql.CanaryMySQLFactory#info] Starting factory <canarytokens.channel_input_mysql.CanaryMySQLFactory object at 0x7fcd6b48c1a0>
2026-03-29T00:40:16+0000 [-] WireGuardProtocol starting on 51820
2026-03-29T00:40:16+0000 [-] Starting protocol <canarytokens.channel_input_wireguard.WireGuardProtocol object at 0x7fcd6b48c980>
2026-03-29T00:46:17+0000 [twisted.internet.base#info] Received SIGTERM, shutting down.
2026-03-29T00:46:17+0000 [-] (UDP Port 51820 Closed)
2026-03-29T00:46:17+0000 [-] Stopping protocol <canarytokens.channel_input_wireguard.WireGuardProtocol object at 0x7fcd6b48c980>
2026-03-29T00:46:17+0000 [-] (TCP Port 3306 Closed)
2026-03-29T00:46:17+0000 [canarytokens.channel_input_mysql.CanaryMySQLFactory#info] Stopping factory <canarytokens.channel_input_mysql.CanaryMySQLFactory object at 0x7fcd6b48c1a0>
2026-03-29T00:46:17+0000 [-] (TLS Port 6443 Closed)
2026-03-29T00:46:17+0000 [canarytokens.channel_input_mtls.mTLSFactory#info] Stopping factory <canarytokens.channel_input_mtls.mTLSFactory object at 0x7fcd6b44fb60>
2026-03-29T00:46:17+0000 [-] (TCP Port 2500 Closed)
2026-03-29T00:46:17+0000 [canarytokens.channel_input_smtp.CanarySMTPFactory#info] Stopping factory <canarytokens.channel_input_smtp.CanarySMTPFactory object at 0x7fcd6b44cec0>
2026-03-29T00:46:17+0000 [-] (TCP Port 8083 Closed)
2026-03-29T00:46:17+0000 [twisted.web.server.Site#info] Stopping factory <twisted.web.server.Site object at 0x7fcd6b44cad0>
2026-03-29T00:46:17+0000 [-] (UDP Port 5354 Closed)
2026-03-29T00:46:17+0000 [-] Stopping protocol <twisted.names.dns.DNSDatagramProtocol object at 0x7fcd6b44c2f0>
2026-03-29T00:46:17+0000 [twisted.internet.base#info] Main loop terminated.
2026-03-29T00:46:17+0000 [twisted.scripts._twistd_unix.UnixAppLogger#info] Server Shut Down.
2026-03-29T00:46:44+0000 [canarytokens.switchboard#info] Canarytokens switchboard started
2026-03-29T00:46:45+0000 [canarytokens.channel#info] Started channel Email
2026-03-29T00:46:45+0000 [canarytokens.channel#info] Started channel Webhook
2026-03-29T00:46:45+0000 [canarytokens.channel#info] Started channel DNS
2026-03-29T00:46:45+0000 [canarytokens.channel#info] Started channel HTTP
2026-03-29T00:46:45+0000 [canarytokens.channel#info] Started channel SMTP
2026-03-29T00:46:45+0000 [canarytokens.channel#info] Started channel Kubeconfig
2026-03-29T00:46:45+0000 [canarytokens.channel_input_mtls#debug] _get_ssl_context
2026-03-29T00:46:45+0000 [canarytokens.channel_input_mtls#debug] checking for: kubeconfig_client_ca
2026-03-29T00:46:45+0000 [canarytokens.channel_input_mtls#debug] cert found
2026-03-29T00:46:45+0000 [canarytokens.channel_input_mtls#debug] checking for: kubeconfig_server_ca
2026-03-29T00:46:45+0000 [canarytokens.channel_input_mtls#debug] cert found
2026-03-29T00:46:45+0000 [canarytokens.channel_input_mtls#debug] checking for: kubeconfig_server_cert
2026-03-29T00:46:45+0000 [canarytokens.channel_input_mtls#debug] cert found
2026-03-29T00:46:45+0000 [canarytokens.channel#info] Started channel MYSQL
2026-03-29T00:46:45+0000 [canarytokens.channel#info] Started channel WireGuard
2026-03-29T00:46:45+0000 [canarytokens.channel_input_wireguard#info] Console public key: b'syfDRXqt+VgPEpTg/3XswhU21uB2xZEpuwIOch0UwGg='
2026-03-29T00:46:45+0000 [-] Loaded.
2026-03-29T00:46:42+0000 [-] Loading switchboard.tac...
2026-03-29T00:46:44+0000 [canarytokens.switchboard#info] Canarytokens switchboard started
2026-03-29T00:46:45+0000 [canarytokens.channel#info] Started channel Email
2026-03-29T00:46:45+0000 [canarytokens.channel#info] Started channel Webhook
2026-03-29T00:46:45+0000 [canarytokens.channel#info] Started channel DNS
2026-03-29T00:46:45+0000 [canarytokens.channel#info] Started channel HTTP
2026-03-29T00:46:45+0000 [canarytokens.channel#info] Started channel SMTP
2026-03-29T00:46:45+0000 [canarytokens.channel#info] Started channel Kubeconfig
2026-03-29T00:46:45+0000 [canarytokens.channel_input_mtls#debug] _get_ssl_context
2026-03-29T00:46:45+0000 [canarytokens.channel_input_mtls#debug] checking for: kubeconfig_client_ca
2026-03-29T00:46:45+0000 [canarytokens.channel_input_mtls#debug] cert found
2026-03-29T00:46:45+0000 [canarytokens.channel_input_mtls#debug] checking for: kubeconfig_server_ca
2026-03-29T00:46:45+0000 [canarytokens.channel_input_mtls#debug] cert found
2026-03-29T00:46:45+0000 [canarytokens.channel_input_mtls#debug] checking for: kubeconfig_server_cert
2026-03-29T00:46:45+0000 [canarytokens.channel_input_mtls#debug] cert found
2026-03-29T00:46:45+0000 [canarytokens.channel#info] Started channel MYSQL
2026-03-29T00:46:45+0000 [canarytokens.channel#info] Started channel WireGuard
2026-03-29T00:46:45+0000 [canarytokens.channel_input_wireguard#info] Console public key: b'syfDRXqt+VgPEpTg/3XswhU21uB2xZEpuwIOch0UwGg='
2026-03-29T00:46:45+0000 [-] Loaded.
2026-03-29T00:46:45+0000 [twisted.scripts._twistd_unix.UnixAppLogger#info] twistd 24.11.0 (/srv/.venv/bin/python 3.13.12) starting up.
2026-03-29T00:46:45+0000 [twisted.scripts._twistd_unix.UnixAppLogger#info] reactor class: twisted.internet.epollreactor.EPollReactor.
2026-03-29T00:46:45+0000 [-] DNSDatagramProtocol starting on 5354
2026-03-29T00:46:45+0000 [-] Starting protocol <twisted.names.dns.DNSDatagramProtocol object at 0x7f61161542f0>
2026-03-29T00:46:45+0000 [-] Site starting on 8083
2026-03-29T00:46:45+0000 [twisted.web.server.Site#info] Starting factory <twisted.web.server.Site object at 0x7f6116154ad0>
2026-03-29T00:46:45+0000 [-] CanarySMTPFactory starting on 2500
2026-03-29T00:46:45+0000 [canarytokens.channel_input_smtp.CanarySMTPFactory#info] Starting factory <canarytokens.channel_input_smtp.CanarySMTPFactory object at 0x7f6116154ec0>
2026-03-29T00:46:45+0000 [-] mTLSFactory (TLS) starting on 6443
2026-03-29T00:46:45+0000 [canarytokens.channel_input_mtls.mTLSFactory#info] Starting factory <canarytokens.channel_input_mtls.mTLSFactory object at 0x7f6116157b60>
2026-03-29T00:46:45+0000 [-] CanaryMySQLFactory starting on 3306
2026-03-29T00:46:45+0000 [canarytokens.channel_input_mysql.CanaryMySQLFactory#info] Starting factory <canarytokens.channel_input_mysql.CanaryMySQLFactory object at 0x7f61161901a0>
2026-03-29T00:46:45+0000 [-] WireGuardProtocol starting on 51820
2026-03-29T00:46:45+0000 [-] Starting protocol <canarytokens.channel_input_wireguard.WireGuardProtocol object at 0x7f6116190980>
2026-03-29T00:50:54+0000 [twisted.internet.base#info] Received SIGTERM, shutting down.
2026-03-29T00:50:54+0000 [-] (UDP Port 51820 Closed)
2026-03-29T00:50:54+0000 [-] Stopping protocol <canarytokens.channel_input_wireguard.WireGuardProtocol object at 0x7f6116190980>
2026-03-29T00:50:54+0000 [-] (TCP Port 3306 Closed)
2026-03-29T00:50:54+0000 [canarytokens.channel_input_mysql.CanaryMySQLFactory#info] Stopping factory <canarytokens.channel_input_mysql.CanaryMySQLFactory object at 0x7f61161901a0>
2026-03-29T00:50:54+0000 [-] (TLS Port 6443 Closed)
2026-03-29T00:50:54+0000 [canarytokens.channel_input_mtls.mTLSFactory#info] Stopping factory <canarytokens.channel_input_mtls.mTLSFactory object at 0x7f6116157b60>
2026-03-29T00:50:54+0000 [-] (TCP Port 2500 Closed)
2026-03-29T00:50:54+0000 [canarytokens.channel_input_smtp.CanarySMTPFactory#info] Stopping factory <canarytokens.channel_input_smtp.CanarySMTPFactory object at 0x7f6116154ec0>
2026-03-29T00:50:54+0000 [-] (TCP Port 8083 Closed)
2026-03-29T00:50:54+0000 [twisted.web.server.Site#info] Stopping factory <twisted.web.server.Site object at 0x7f6116154ad0>
2026-03-29T00:50:54+0000 [-] (UDP Port 5354 Closed)
2026-03-29T00:50:54+0000 [-] Stopping protocol <twisted.names.dns.DNSDatagramProtocol object at 0x7f61161542f0>
2026-03-29T00:50:54+0000 [twisted.internet.base#info] Main loop terminated.
2026-03-29T00:50:54+0000 [twisted.scripts._twistd_unix.UnixAppLogger#info] Server Shut Down.
2026-03-29T00:51:02+0000 [canarytokens.switchboard#info] Canarytokens switchboard started
2026-03-29T00:51:02+0000 [canarytokens.channel#info] Started channel Email
2026-03-29T00:51:02+0000 [canarytokens.channel#info] Started channel Webhook
2026-03-29T00:51:02+0000 [canarytokens.channel#info] Started channel DNS
2026-03-29T00:51:02+0000 [canarytokens.channel#info] Started channel HTTP
2026-03-29T00:51:02+0000 [canarytokens.channel#info] Started channel SMTP
2026-03-29T00:51:02+0000 [canarytokens.channel#info] Started channel Kubeconfig
2026-03-29T00:51:02+0000 [canarytokens.channel_input_mtls#debug] _get_ssl_context
2026-03-29T00:51:02+0000 [canarytokens.channel_input_mtls#debug] checking for: kubeconfig_client_ca
2026-03-29T00:51:02+0000 [canarytokens.channel_input_mtls#debug] cert found
2026-03-29T00:51:02+0000 [canarytokens.channel_input_mtls#debug] checking for: kubeconfig_server_ca
2026-03-29T00:51:02+0000 [canarytokens.channel_input_mtls#debug] cert found
2026-03-29T00:51:02+0000 [canarytokens.channel_input_mtls#debug] checking for: kubeconfig_server_cert
2026-03-29T00:51:02+0000 [canarytokens.channel_input_mtls#debug] cert found
2026-03-29T00:51:02+0000 [canarytokens.channel#info] Started channel MYSQL
2026-03-29T00:51:02+0000 [canarytokens.channel#info] Started channel WireGuard
2026-03-29T00:51:02+0000 [canarytokens.channel_input_wireguard#info] Console public key: b'y76guUVHKb5jKwgMsRSdcWmPVg0Hx0HOONnlB08MAVE='
2026-03-29T00:51:02+0000 [-] Loaded.
2026-03-29T00:50:59+0000 [-] Loading switchboard.tac...
2026-03-29T00:51:02+0000 [canarytokens.switchboard#info] Canarytokens switchboard started
2026-03-29T00:51:02+0000 [canarytokens.channel#info] Started channel Email
2026-03-29T00:51:02+0000 [canarytokens.channel#info] Started channel Webhook
2026-03-29T00:51:02+0000 [canarytokens.channel#info] Started channel DNS
2026-03-29T00:51:02+0000 [canarytokens.channel#info] Started channel HTTP
2026-03-29T00:51:02+0000 [canarytokens.channel#info] Started channel SMTP
2026-03-29T00:51:02+0000 [canarytokens.channel#info] Started channel Kubeconfig
2026-03-29T00:51:02+0000 [canarytokens.channel_input_mtls#debug] _get_ssl_context
2026-03-29T00:51:02+0000 [canarytokens.channel_input_mtls#debug] checking for: kubeconfig_client_ca
2026-03-29T00:51:02+0000 [canarytokens.channel_input_mtls#debug] cert found
2026-03-29T00:51:02+0000 [canarytokens.channel_input_mtls#debug] checking for: kubeconfig_server_ca
2026-03-29T00:51:02+0000 [canarytokens.channel_input_mtls#debug] cert found
2026-03-29T00:51:02+0000 [canarytokens.channel_input_mtls#debug] checking for: kubeconfig_server_cert
2026-03-29T00:51:02+0000 [canarytokens.channel_input_mtls#debug] cert found
2026-03-29T00:51:02+0000 [canarytokens.channel#info] Started channel MYSQL
2026-03-29T00:51:02+0000 [canarytokens.channel#info] Started channel WireGuard
2026-03-29T00:51:02+0000 [canarytokens.channel_input_wireguard#info] Console public key: b'y76guUVHKb5jKwgMsRSdcWmPVg0Hx0HOONnlB08MAVE='
2026-03-29T00:51:02+0000 [-] Loaded.
2026-03-29T00:51:02+0000 [twisted.scripts._twistd_unix.UnixAppLogger#info] twistd 24.11.0 (/srv/.venv/bin/python 3.13.12) starting up.
2026-03-29T00:51:02+0000 [twisted.scripts._twistd_unix.UnixAppLogger#info] reactor class: twisted.internet.epollreactor.EPollReactor.
2026-03-29T00:51:02+0000 [-] DNSDatagramProtocol starting on 5354
2026-03-29T00:51:02+0000 [-] Starting protocol <twisted.names.dns.DNSDatagramProtocol object at 0x7fc1c864c2f0>
2026-03-29T00:51:02+0000 [-] Site starting on 8083
2026-03-29T00:51:02+0000 [twisted.web.server.Site#info] Starting factory <twisted.web.server.Site object at 0x7fc1c864cad0>
2026-03-29T00:51:02+0000 [-] CanarySMTPFactory starting on 2500
2026-03-29T00:51:02+0000 [canarytokens.channel_input_smtp.CanarySMTPFactory#info] Starting factory <canarytokens.channel_input_smtp.CanarySMTPFactory object at 0x7fc1c864cec0>
2026-03-29T00:51:02+0000 [-] mTLSFactory (TLS) starting on 6443
2026-03-29T00:51:02+0000 [canarytokens.channel_input_mtls.mTLSFactory#info] Starting factory <canarytokens.channel_input_mtls.mTLSFactory object at 0x7fc1c864fb60>
2026-03-29T00:51:02+0000 [-] CanaryMySQLFactory starting on 3306
2026-03-29T00:51:02+0000 [canarytokens.channel_input_mysql.CanaryMySQLFactory#info] Starting factory <canarytokens.channel_input_mysql.CanaryMySQLFactory object at 0x7fc1c86901a0>
2026-03-29T00:51:02+0000 [-] WireGuardProtocol starting on 51820
2026-03-29T00:51:02+0000 [-] Starting protocol <canarytokens.channel_input_wireguard.WireGuardProtocol object at 0x7fc1c8690980>
2026-03-29T00:53:36+0000 [twisted.internet.base#info] Received SIGTERM, shutting down.
2026-03-29T00:53:36+0000 [-] (UDP Port 51820 Closed)
2026-03-29T00:53:36+0000 [-] Stopping protocol <canarytokens.channel_input_wireguard.WireGuardProtocol object at 0x7fc1c8690980>
2026-03-29T00:53:36+0000 [-] (TCP Port 3306 Closed)
2026-03-29T00:53:36+0000 [canarytokens.channel_input_mysql.CanaryMySQLFactory#info] Stopping factory <canarytokens.channel_input_mysql.CanaryMySQLFactory object at 0x7fc1c86901a0>
2026-03-29T00:53:36+0000 [-] (TLS Port 6443 Closed)
2026-03-29T00:53:36+0000 [canarytokens.channel_input_mtls.mTLSFactory#info] Stopping factory <canarytokens.channel_input_mtls.mTLSFactory object at 0x7fc1c864fb60>
2026-03-29T00:53:36+0000 [-] (TCP Port 2500 Closed)
2026-03-29T00:53:36+0000 [canarytokens.channel_input_smtp.CanarySMTPFactory#info] Stopping factory <canarytokens.channel_input_smtp.CanarySMTPFactory object at 0x7fc1c864cec0>
2026-03-29T00:53:36+0000 [-] (TCP Port 8083 Closed)
2026-03-29T00:53:36+0000 [twisted.web.server.Site#info] Stopping factory <twisted.web.server.Site object at 0x7fc1c864cad0>
2026-03-29T00:53:36+0000 [-] (UDP Port 5354 Closed)
2026-03-29T00:53:36+0000 [-] Stopping protocol <twisted.names.dns.DNSDatagramProtocol object at 0x7fc1c864c2f0>
2026-03-29T00:53:36+0000 [twisted.internet.base#info] Main loop terminated.
2026-03-29T00:53:36+0000 [twisted.scripts._twistd_unix.UnixAppLogger#info] Server Shut Down.
2026-03-29T00:53:43+0000 [canarytokens.switchboard#info] Canarytokens switchboard started
2026-03-29T00:53:43+0000 [canarytokens.channel#info] Started channel Email
2026-03-29T00:53:43+0000 [canarytokens.channel#info] Started channel Webhook
2026-03-29T00:53:43+0000 [canarytokens.channel#info] Started channel DNS
2026-03-29T00:53:43+0000 [canarytokens.channel#info] Started channel HTTP
2026-03-29T00:53:43+0000 [canarytokens.channel#info] Started channel SMTP
2026-03-29T00:53:43+0000 [canarytokens.channel#info] Started channel Kubeconfig
2026-03-29T00:53:43+0000 [canarytokens.channel_input_mtls#debug] _get_ssl_context
2026-03-29T00:53:43+0000 [canarytokens.channel_input_mtls#debug] checking for: kubeconfig_client_ca
2026-03-29T00:53:43+0000 [canarytokens.channel_input_mtls#debug] cert found
2026-03-29T00:53:43+0000 [canarytokens.channel_input_mtls#debug] checking for: kubeconfig_server_ca
2026-03-29T00:53:43+0000 [canarytokens.channel_input_mtls#debug] cert found
2026-03-29T00:53:43+0000 [canarytokens.channel_input_mtls#debug] checking for: kubeconfig_server_cert
2026-03-29T00:53:43+0000 [canarytokens.channel_input_mtls#debug] cert found
2026-03-29T00:53:43+0000 [canarytokens.channel#info] Started channel MYSQL
2026-03-29T00:53:43+0000 [canarytokens.channel#info] Started channel WireGuard
2026-03-29T00:53:43+0000 [canarytokens.channel_input_wireguard#info] Console public key: b'Ov8W4pWaRLaq4HLc2NfQbQ+YPZOQingIdLB8AACoLiA='
2026-03-29T00:53:43+0000 [-] Loaded.
2026-03-29T00:53:41+0000 [-] Loading switchboard.tac...
2026-03-29T00:53:43+0000 [canarytokens.switchboard#info] Canarytokens switchboard started
2026-03-29T00:53:43+0000 [canarytokens.channel#info] Started channel Email
2026-03-29T00:53:43+0000 [canarytokens.channel#info] Started channel Webhook
2026-03-29T00:53:43+0000 [canarytokens.channel#info] Started channel DNS
2026-03-29T00:53:43+0000 [canarytokens.channel#info] Started channel HTTP
2026-03-29T00:53:43+0000 [canarytokens.channel#info] Started channel SMTP
2026-03-29T00:53:43+0000 [canarytokens.channel#info] Started channel Kubeconfig
2026-03-29T00:53:43+0000 [canarytokens.channel_input_mtls#debug] _get_ssl_context
2026-03-29T00:53:43+0000 [canarytokens.channel_input_mtls#debug] checking for: kubeconfig_client_ca
2026-03-29T00:53:43+0000 [canarytokens.channel_input_mtls#debug] cert found
2026-03-29T00:53:43+0000 [canarytokens.channel_input_mtls#debug] checking for: kubeconfig_server_ca
2026-03-29T00:53:43+0000 [canarytokens.channel_input_mtls#debug] cert found
2026-03-29T00:53:43+0000 [canarytokens.channel_input_mtls#debug] checking for: kubeconfig_server_cert
2026-03-29T00:53:43+0000 [canarytokens.channel_input_mtls#debug] cert found
2026-03-29T00:53:43+0000 [canarytokens.channel#info] Started channel MYSQL
2026-03-29T00:53:43+0000 [canarytokens.channel#info] Started channel WireGuard
2026-03-29T00:53:43+0000 [canarytokens.channel_input_wireguard#info] Console public key: b'Ov8W4pWaRLaq4HLc2NfQbQ+YPZOQingIdLB8AACoLiA='
2026-03-29T00:53:43+0000 [-] Loaded.
2026-03-29T00:53:43+0000 [twisted.scripts._twistd_unix.UnixAppLogger#info] twistd 24.11.0 (/srv/.venv/bin/python 3.13.12) starting up.
2026-03-29T00:53:43+0000 [twisted.scripts._twistd_unix.UnixAppLogger#info] reactor class: twisted.internet.epollreactor.EPollReactor.
2026-03-29T00:53:43+0000 [-] DNSDatagramProtocol starting on 5354
2026-03-29T00:53:43+0000 [-] Starting protocol <twisted.names.dns.DNSDatagramProtocol object at 0x7fde4194c2f0>
2026-03-29T00:53:43+0000 [-] Site starting on 8083
2026-03-29T00:53:43+0000 [twisted.web.server.Site#info] Starting factory <twisted.web.server.Site object at 0x7fde4194cad0>
2026-03-29T00:53:43+0000 [-] CanarySMTPFactory starting on 2500
2026-03-29T00:53:43+0000 [canarytokens.channel_input_smtp.CanarySMTPFactory#info] Starting factory <canarytokens.channel_input_smtp.CanarySMTPFactory object at 0x7fde4194cec0>
2026-03-29T00:53:43+0000 [-] mTLSFactory (TLS) starting on 6443
2026-03-29T00:53:43+0000 [canarytokens.channel_input_mtls.mTLSFactory#info] Starting factory <canarytokens.channel_input_mtls.mTLSFactory object at 0x7fde4194fb60>
2026-03-29T00:53:43+0000 [-] CanaryMySQLFactory starting on 3306
2026-03-29T00:53:43+0000 [canarytokens.channel_input_mysql.CanaryMySQLFactory#info] Starting factory <canarytokens.channel_input_mysql.CanaryMySQLFactory object at 0x7fde419901a0>
2026-03-29T00:53:43+0000 [-] WireGuardProtocol starting on 51820
2026-03-29T00:53:43+0000 [-] Starting protocol <canarytokens.channel_input_wireguard.WireGuardProtocol object at 0x7fde41990980>
2026-03-29T00:54:34+0000 [twisted.internet.base#info] Received SIGTERM, shutting down.
2026-03-29T00:54:34+0000 [-] (UDP Port 51820 Closed)
2026-03-29T00:54:34+0000 [-] Stopping protocol <canarytokens.channel_input_wireguard.WireGuardProtocol object at 0x7fde41990980>
2026-03-29T00:54:34+0000 [-] (TCP Port 3306 Closed)
2026-03-29T00:54:34+0000 [canarytokens.channel_input_mysql.CanaryMySQLFactory#info] Stopping factory <canarytokens.channel_input_mysql.CanaryMySQLFactory object at 0x7fde419901a0>
2026-03-29T00:54:34+0000 [-] (TLS Port 6443 Closed)
2026-03-29T00:54:34+0000 [canarytokens.channel_input_mtls.mTLSFactory#info] Stopping factory <canarytokens.channel_input_mtls.mTLSFactory object at 0x7fde4194fb60>
2026-03-29T00:54:34+0000 [-] (TCP Port 2500 Closed)
2026-03-29T00:54:34+0000 [canarytokens.channel_input_smtp.CanarySMTPFactory#info] Stopping factory <canarytokens.channel_input_smtp.CanarySMTPFactory object at 0x7fde4194cec0>
2026-03-29T00:54:34+0000 [-] (TCP Port 8083 Closed)
2026-03-29T00:54:34+0000 [twisted.web.server.Site#info] Stopping factory <twisted.web.server.Site object at 0x7fde4194cad0>
2026-03-29T00:54:34+0000 [-] (UDP Port 5354 Closed)
2026-03-29T00:54:34+0000 [-] Stopping protocol <twisted.names.dns.DNSDatagramProtocol object at 0x7fde4194c2f0>
2026-03-29T00:54:34+0000 [twisted.internet.base#info] Main loop terminated.
2026-03-29T00:54:34+0000 [twisted.scripts._twistd_unix.UnixAppLogger#info] Server Shut Down.
2026-03-29T00:54:42+0000 [canarytokens.switchboard#info] Canarytokens switchboard started
2026-03-29T00:54:42+0000 [canarytokens.channel#info] Started channel Email
2026-03-29T00:54:42+0000 [canarytokens.channel#info] Started channel Webhook
2026-03-29T00:54:42+0000 [canarytokens.channel#info] Started channel DNS
2026-03-29T00:54:42+0000 [canarytokens.channel#info] Started channel HTTP
2026-03-29T00:54:42+0000 [canarytokens.channel#info] Started channel SMTP
2026-03-29T00:54:42+0000 [canarytokens.channel#info] Started channel Kubeconfig
2026-03-29T00:54:42+0000 [canarytokens.channel_input_mtls#debug] _get_ssl_context
2026-03-29T00:54:42+0000 [canarytokens.channel_input_mtls#debug] checking for: kubeconfig_client_ca
2026-03-29T00:54:42+0000 [canarytokens.channel_input_mtls#debug] cert found
2026-03-29T00:54:42+0000 [canarytokens.channel_input_mtls#debug] checking for: kubeconfig_server_ca
2026-03-29T00:54:42+0000 [canarytokens.channel_input_mtls#debug] cert found
2026-03-29T00:54:42+0000 [canarytokens.channel_input_mtls#debug] checking for: kubeconfig_server_cert
2026-03-29T00:54:42+0000 [canarytokens.channel_input_mtls#debug] cert found
2026-03-29T00:54:42+0000 [canarytokens.channel#info] Started channel MYSQL
2026-03-29T00:54:42+0000 [canarytokens.channel#info] Started channel WireGuard
2026-03-29T00:54:42+0000 [canarytokens.channel_input_wireguard#info] Console public key: b'MgBweKDyy7SBU13eit3yBqE3q0AEbaaLxqNSEIKDMUM='
2026-03-29T00:54:42+0000 [-] Loaded.
2026-03-29T00:54:39+0000 [-] Loading switchboard.tac...
2026-03-29T00:54:42+0000 [canarytokens.switchboard#info] Canarytokens switchboard started
2026-03-29T00:54:42+0000 [canarytokens.channel#info] Started channel Email
2026-03-29T00:54:42+0000 [canarytokens.channel#info] Started channel Webhook
2026-03-29T00:54:42+0000 [canarytokens.channel#info] Started channel DNS
2026-03-29T00:54:42+0000 [canarytokens.channel#info] Started channel HTTP
2026-03-29T00:54:42+0000 [canarytokens.channel#info] Started channel SMTP
2026-03-29T00:54:42+0000 [canarytokens.channel#info] Started channel Kubeconfig
2026-03-29T00:54:42+0000 [canarytokens.channel_input_mtls#debug] _get_ssl_context
2026-03-29T00:54:42+0000 [canarytokens.channel_input_mtls#debug] checking for: kubeconfig_client_ca
2026-03-29T00:54:42+0000 [canarytokens.channel_input_mtls#debug] cert found
2026-03-29T00:54:42+0000 [canarytokens.channel_input_mtls#debug] checking for: kubeconfig_server_ca
2026-03-29T00:54:42+0000 [canarytokens.channel_input_mtls#debug] cert found
2026-03-29T00:54:42+0000 [canarytokens.channel_input_mtls#debug] checking for: kubeconfig_server_cert
2026-03-29T00:54:42+0000 [canarytokens.channel_input_mtls#debug] cert found
2026-03-29T00:54:42+0000 [canarytokens.channel#info] Started channel MYSQL
2026-03-29T00:54:42+0000 [canarytokens.channel#info] Started channel WireGuard
2026-03-29T00:54:42+0000 [canarytokens.channel_input_wireguard#info] Console public key: b'MgBweKDyy7SBU13eit3yBqE3q0AEbaaLxqNSEIKDMUM='
2026-03-29T00:54:42+0000 [-] Loaded.
2026-03-29T00:54:42+0000 [twisted.scripts._twistd_unix.UnixAppLogger#info] twistd 24.11.0 (/srv/.venv/bin/python 3.13.12) starting up.
2026-03-29T00:54:42+0000 [twisted.scripts._twistd_unix.UnixAppLogger#info] reactor class: twisted.internet.epollreactor.EPollReactor.
2026-03-29T00:54:42+0000 [-] DNSDatagramProtocol starting on 5354
2026-03-29T00:54:42+0000 [-] Starting protocol <twisted.names.dns.DNSDatagramProtocol object at 0x7feccf0542f0>
2026-03-29T00:54:42+0000 [-] Site starting on 8083
2026-03-29T00:54:42+0000 [twisted.web.server.Site#info] Starting factory <twisted.web.server.Site object at 0x7feccf054ad0>
2026-03-29T00:54:42+0000 [-] CanarySMTPFactory starting on 2500
2026-03-29T00:54:42+0000 [canarytokens.channel_input_smtp.CanarySMTPFactory#info] Starting factory <canarytokens.channel_input_smtp.CanarySMTPFactory object at 0x7feccf054ec0>
2026-03-29T00:54:42+0000 [-] mTLSFactory (TLS) starting on 6443
2026-03-29T00:54:42+0000 [canarytokens.channel_input_mtls.mTLSFactory#info] Starting factory <canarytokens.channel_input_mtls.mTLSFactory object at 0x7feccf057b60>
2026-03-29T00:54:42+0000 [-] CanaryMySQLFactory starting on 3306
2026-03-29T00:54:42+0000 [canarytokens.channel_input_mysql.CanaryMySQLFactory#info] Starting factory <canarytokens.channel_input_mysql.CanaryMySQLFactory object at 0x7feccf0941a0>
2026-03-29T00:54:42+0000 [-] WireGuardProtocol starting on 51820
2026-03-29T00:54:42+0000 [-] Starting protocol <canarytokens.channel_input_wireguard.WireGuardProtocol object at 0x7feccf094980>
2026-03-29T00:57:02+0000 [twisted.internet.base#info] Received SIGTERM, shutting down.
2026-03-29T00:57:02+0000 [-] (UDP Port 51820 Closed)
2026-03-29T00:57:02+0000 [-] Stopping protocol <canarytokens.channel_input_wireguard.WireGuardProtocol object at 0x7feccf094980>
2026-03-29T00:57:02+0000 [-] (TCP Port 3306 Closed)
2026-03-29T00:57:02+0000 [canarytokens.channel_input_mysql.CanaryMySQLFactory#info] Stopping factory <canarytokens.channel_input_mysql.CanaryMySQLFactory object at 0x7feccf0941a0>
2026-03-29T00:57:02+0000 [-] (TLS Port 6443 Closed)
2026-03-29T00:57:02+0000 [canarytokens.channel_input_mtls.mTLSFactory#info] Stopping factory <canarytokens.channel_input_mtls.mTLSFactory object at 0x7feccf057b60>
2026-03-29T00:57:02+0000 [-] (TCP Port 2500 Closed)
2026-03-29T00:57:02+0000 [canarytokens.channel_input_smtp.CanarySMTPFactory#info] Stopping factory <canarytokens.channel_input_smtp.CanarySMTPFactory object at 0x7feccf054ec0>
2026-03-29T00:57:02+0000 [-] (TCP Port 8083 Closed)
2026-03-29T00:57:02+0000 [twisted.web.server.Site#info] Stopping factory <twisted.web.server.Site object at 0x7feccf054ad0>
2026-03-29T00:57:02+0000 [-] (UDP Port 5354 Closed)
2026-03-29T00:57:02+0000 [-] Stopping protocol <twisted.names.dns.DNSDatagramProtocol object at 0x7feccf0542f0>
2026-03-29T00:57:02+0000 [twisted.internet.base#info] Main loop terminated.
2026-03-29T00:57:02+0000 [twisted.scripts._twistd_unix.UnixAppLogger#info] Server Shut Down.
2026-03-29T00:57:10+0000 [canarytokens.switchboard#info] Canarytokens switchboard started
2026-03-29T00:57:10+0000 [canarytokens.channel#info] Started channel Email
2026-03-29T00:57:10+0000 [canarytokens.channel#info] Started channel Webhook
2026-03-29T00:57:10+0000 [canarytokens.channel#info] Started channel DNS
2026-03-29T00:57:10+0000 [canarytokens.channel#info] Started channel HTTP
2026-03-29T00:57:10+0000 [canarytokens.channel#info] Started channel SMTP
2026-03-29T00:57:10+0000 [canarytokens.channel#info] Started channel Kubeconfig
2026-03-29T00:57:10+0000 [canarytokens.channel_input_mtls#debug] _get_ssl_context
2026-03-29T00:57:10+0000 [canarytokens.channel_input_mtls#debug] checking for: kubeconfig_client_ca
2026-03-29T00:57:10+0000 [canarytokens.channel_input_mtls#debug] cert found
2026-03-29T00:57:10+0000 [canarytokens.channel_input_mtls#debug] checking for: kubeconfig_server_ca
2026-03-29T00:57:10+0000 [canarytokens.channel_input_mtls#debug] cert found
2026-03-29T00:57:10+0000 [canarytokens.channel_input_mtls#debug] checking for: kubeconfig_server_cert
2026-03-29T00:57:10+0000 [canarytokens.channel_input_mtls#debug] cert found
2026-03-29T00:57:10+0000 [canarytokens.channel#info] Started channel MYSQL
2026-03-29T00:57:10+0000 [canarytokens.channel#info] Started channel WireGuard
2026-03-29T00:57:10+0000 [canarytokens.channel_input_wireguard#info] Console public key: b'lFv1d/8nM1tNGcU8xq02DnZBivXtyK07lCPSgUH2J0Q='
2026-03-29T00:57:10+0000 [-] Loaded.
2026-03-29T00:57:08+0000 [-] Loading switchboard.tac...
2026-03-29T00:57:10+0000 [canarytokens.switchboard#info] Canarytokens switchboard started
2026-03-29T00:57:10+0000 [canarytokens.channel#info] Started channel Email
2026-03-29T00:57:10+0000 [canarytokens.channel#info] Started channel Webhook
2026-03-29T00:57:10+0000 [canarytokens.channel#info] Started channel DNS
2026-03-29T00:57:10+0000 [canarytokens.channel#info] Started channel HTTP
2026-03-29T00:57:10+0000 [canarytokens.channel#info] Started channel SMTP
2026-03-29T00:57:10+0000 [canarytokens.channel#info] Started channel Kubeconfig
2026-03-29T00:57:10+0000 [canarytokens.channel_input_mtls#debug] _get_ssl_context
2026-03-29T00:57:10+0000 [canarytokens.channel_input_mtls#debug] checking for: kubeconfig_client_ca
2026-03-29T00:57:10+0000 [canarytokens.channel_input_mtls#debug] cert found
2026-03-29T00:57:10+0000 [canarytokens.channel_input_mtls#debug] checking for: kubeconfig_server_ca
2026-03-29T00:57:10+0000 [canarytokens.channel_input_mtls#debug] cert found
2026-03-29T00:57:10+0000 [canarytokens.channel_input_mtls#debug] checking for: kubeconfig_server_cert
2026-03-29T00:57:10+0000 [canarytokens.channel_input_mtls#debug] cert found
2026-03-29T00:57:10+0000 [canarytokens.channel#info] Started channel MYSQL
2026-03-29T00:57:10+0000 [canarytokens.channel#info] Started channel WireGuard
2026-03-29T00:57:10+0000 [canarytokens.channel_input_wireguard#info] Console public key: b'lFv1d/8nM1tNGcU8xq02DnZBivXtyK07lCPSgUH2J0Q='
2026-03-29T00:57:10+0000 [-] Loaded.
2026-03-29T00:57:10+0000 [twisted.scripts._twistd_unix.UnixAppLogger#info] twistd 24.11.0 (/srv/.venv/bin/python 3.13.12) starting up.
2026-03-29T00:57:10+0000 [twisted.scripts._twistd_unix.UnixAppLogger#info] reactor class: twisted.internet.epollreactor.EPollReactor.
2026-03-29T00:57:10+0000 [-] DNSDatagramProtocol starting on 5354
2026-03-29T00:57:10+0000 [-] Starting protocol <twisted.names.dns.DNSDatagramProtocol object at 0x7fd60414c2f0>
2026-03-29T00:57:10+0000 [-] Site starting on 8083
2026-03-29T00:57:10+0000 [twisted.web.server.Site#info] Starting factory <twisted.web.server.Site object at 0x7fd60414cad0>
2026-03-29T00:57:10+0000 [-] CanarySMTPFactory starting on 2500
2026-03-29T00:57:10+0000 [canarytokens.channel_input_smtp.CanarySMTPFactory#info] Starting factory <canarytokens.channel_input_smtp.CanarySMTPFactory object at 0x7fd60414cec0>
2026-03-29T00:57:10+0000 [-] mTLSFactory (TLS) starting on 6443
2026-03-29T00:57:10+0000 [canarytokens.channel_input_mtls.mTLSFactory#info] Starting factory <canarytokens.channel_input_mtls.mTLSFactory object at 0x7fd60414fb60>
2026-03-29T00:57:10+0000 [-] CanaryMySQLFactory starting on 3306
2026-03-29T00:57:10+0000 [canarytokens.channel_input_mysql.CanaryMySQLFactory#info] Starting factory <canarytokens.channel_input_mysql.CanaryMySQLFactory object at 0x7fd60418c1a0>
2026-03-29T00:57:10+0000 [-] WireGuardProtocol starting on 51820
2026-03-29T00:57:10+0000 [-] Starting protocol <canarytokens.channel_input_wireguard.WireGuardProtocol object at 0x7fd60418c980>
2026-03-29T22:26:01+0000 [twisted.internet.base#info] Received SIGTERM, shutting down.
2026-03-29T22:26:01+0000 [-] (UDP Port 51820 Closed)
2026-03-29T22:26:01+0000 [-] Stopping protocol <canarytokens.channel_input_wireguard.WireGuardProtocol object at 0x7fd60418c980>
2026-03-29T22:26:01+0000 [-] (TCP Port 3306 Closed)
2026-03-29T22:26:01+0000 [canarytokens.channel_input_mysql.CanaryMySQLFactory#info] Stopping factory <canarytokens.channel_input_mysql.CanaryMySQLFactory object at 0x7fd60418c1a0>
2026-03-29T22:26:01+0000 [-] (TLS Port 6443 Closed)
2026-03-29T22:26:01+0000 [canarytokens.channel_input_mtls.mTLSFactory#info] Stopping factory <canarytokens.channel_input_mtls.mTLSFactory object at 0x7fd60414fb60>
2026-03-29T22:26:01+0000 [-] (TCP Port 2500 Closed)
2026-03-29T22:26:01+0000 [canarytokens.channel_input_smtp.CanarySMTPFactory#info] Stopping factory <canarytokens.channel_input_smtp.CanarySMTPFactory object at 0x7fd60414cec0>
2026-03-29T22:26:01+0000 [-] (TCP Port 8083 Closed)
2026-03-29T22:26:01+0000 [twisted.web.server.Site#info] Stopping factory <twisted.web.server.Site object at 0x7fd60414cad0>
2026-03-29T22:26:01+0000 [-] (UDP Port 5354 Closed)
2026-03-29T22:26:01+0000 [-] Stopping protocol <twisted.names.dns.DNSDatagramProtocol object at 0x7fd60414c2f0>
2026-03-29T22:26:01+0000 [twisted.internet.base#info] Main loop terminated.
2026-03-29T22:26:01+0000 [twisted.scripts._twistd_unix.UnixAppLogger#info] Server Shut Down.
2026-03-29T22:26:21+0000 [canarytokens.switchboard#info] Canarytokens switchboard started
2026-03-29T22:26:21+0000 [canarytokens.channel#info] Started channel Email
2026-03-29T22:26:21+0000 [canarytokens.channel#info] Started channel Webhook
2026-03-29T22:26:21+0000 [canarytokens.channel#info] Started channel DNS
2026-03-29T22:26:21+0000 [canarytokens.channel#info] Started channel HTTP
2026-03-29T22:26:21+0000 [canarytokens.channel#info] Started channel SMTP
2026-03-29T22:26:21+0000 [canarytokens.channel#info] Started channel Kubeconfig
2026-03-29T22:26:21+0000 [canarytokens.channel_input_mtls#debug] _get_ssl_context
2026-03-29T22:26:21+0000 [canarytokens.channel_input_mtls#debug] checking for: kubeconfig_client_ca
2026-03-29T22:26:21+0000 [canarytokens.channel_input_mtls#debug] cert found
2026-03-29T22:26:21+0000 [canarytokens.channel_input_mtls#debug] checking for: kubeconfig_server_ca
2026-03-29T22:26:21+0000 [canarytokens.channel_input_mtls#debug] cert found
2026-03-29T22:26:21+0000 [canarytokens.channel_input_mtls#debug] checking for: kubeconfig_server_cert
2026-03-29T22:26:21+0000 [canarytokens.channel_input_mtls#debug] cert found
2026-03-29T22:26:21+0000 [canarytokens.channel#info] Started channel MYSQL
2026-03-29T22:26:21+0000 [canarytokens.channel#info] Started channel WireGuard
2026-03-29T22:26:21+0000 [canarytokens.channel_input_wireguard#info] Console public key: b'MLNZpqXOqxk0foGGELlgw1SsI2BKvS8TYTl+vawBKD8='
2026-03-29T22:26:21+0000 [-] Loaded.
2026-03-29T22:26:17+0000 [-] Loading switchboard.tac...
2026-03-29T22:26:21+0000 [canarytokens.switchboard#info] Canarytokens switchboard started
2026-03-29T22:26:21+0000 [canarytokens.channel#info] Started channel Email
2026-03-29T22:26:21+0000 [canarytokens.channel#info] Started channel Webhook
2026-03-29T22:26:21+0000 [canarytokens.channel#info] Started channel DNS
2026-03-29T22:26:21+0000 [canarytokens.channel#info] Started channel HTTP
2026-03-29T22:26:21+0000 [canarytokens.channel#info] Started channel SMTP
2026-03-29T22:26:21+0000 [canarytokens.channel#info] Started channel Kubeconfig
2026-03-29T22:26:21+0000 [canarytokens.channel_input_mtls#debug] _get_ssl_context
2026-03-29T22:26:21+0000 [canarytokens.channel_input_mtls#debug] checking for: kubeconfig_client_ca
2026-03-29T22:26:21+0000 [canarytokens.channel_input_mtls#debug] cert found
2026-03-29T22:26:21+0000 [canarytokens.channel_input_mtls#debug] checking for: kubeconfig_server_ca
2026-03-29T22:26:21+0000 [canarytokens.channel_input_mtls#debug] cert found
2026-03-29T22:26:21+0000 [canarytokens.channel_input_mtls#debug] checking for: kubeconfig_server_cert
2026-03-29T22:26:21+0000 [canarytokens.channel_input_mtls#debug] cert found
2026-03-29T22:26:21+0000 [canarytokens.channel#info] Started channel MYSQL
2026-03-29T22:26:21+0000 [canarytokens.channel#info] Started channel WireGuard
2026-03-29T22:26:21+0000 [canarytokens.channel_input_wireguard#info] Console public key: b'MLNZpqXOqxk0foGGELlgw1SsI2BKvS8TYTl+vawBKD8='
2026-03-29T22:26:21+0000 [-] Loaded.
2026-03-29T22:26:21+0000 [twisted.scripts._twistd_unix.UnixAppLogger#info] twistd 24.11.0 (/srv/.venv/bin/python 3.13.12) starting up.
2026-03-29T22:26:21+0000 [twisted.scripts._twistd_unix.UnixAppLogger#info] reactor class: twisted.internet.epollreactor.EPollReactor.
2026-03-29T22:26:21+0000 [-] DNSDatagramProtocol starting on 5354
2026-03-29T22:26:21+0000 [-] Starting protocol <twisted.names.dns.DNSDatagramProtocol object at 0x7f97be6442f0>
2026-03-29T22:26:21+0000 [-] Site starting on 8083
2026-03-29T22:26:21+0000 [twisted.web.server.Site#info] Starting factory <twisted.web.server.Site object at 0x7f97be644ad0>
2026-03-29T22:26:21+0000 [-] CanarySMTPFactory starting on 2500
2026-03-29T22:26:21+0000 [canarytokens.channel_input_smtp.CanarySMTPFactory#info] Starting factory <canarytokens.channel_input_smtp.CanarySMTPFactory object at 0x7f97be644ec0>
2026-03-29T22:26:21+0000 [-] mTLSFactory (TLS) starting on 6443
2026-03-29T22:26:21+0000 [canarytokens.channel_input_mtls.mTLSFactory#info] Starting factory <canarytokens.channel_input_mtls.mTLSFactory object at 0x7f97be647b60>
2026-03-29T22:26:21+0000 [-] CanaryMySQLFactory starting on 3306
2026-03-29T22:26:21+0000 [canarytokens.channel_input_mysql.CanaryMySQLFactory#info] Starting factory <canarytokens.channel_input_mysql.CanaryMySQLFactory object at 0x7f97be6901a0>
2026-03-29T22:26:21+0000 [-] WireGuardProtocol starting on 51820
2026-03-29T22:26:21+0000 [-] Starting protocol <canarytokens.channel_input_wireguard.WireGuardProtocol object at 0x7f97be690980>
2026-03-29T22:34:10+0000 [twisted.internet.base#info] Received SIGTERM, shutting down.
2026-03-29T22:34:10+0000 [-] (UDP Port 51820 Closed)
2026-03-29T22:34:10+0000 [-] Stopping protocol <canarytokens.channel_input_wireguard.WireGuardProtocol object at 0x7f97be690980>
2026-03-29T22:34:10+0000 [-] (TCP Port 3306 Closed)
2026-03-29T22:34:10+0000 [canarytokens.channel_input_mysql.CanaryMySQLFactory#info] Stopping factory <canarytokens.channel_input_mysql.CanaryMySQLFactory object at 0x7f97be6901a0>
2026-03-29T22:34:10+0000 [-] (TLS Port 6443 Closed)
2026-03-29T22:34:10+0000 [canarytokens.channel_input_mtls.mTLSFactory#info] Stopping factory <canarytokens.channel_input_mtls.mTLSFactory object at 0x7f97be647b60>
2026-03-29T22:34:10+0000 [-] (TCP Port 2500 Closed)
2026-03-29T22:34:10+0000 [canarytokens.channel_input_smtp.CanarySMTPFactory#info] Stopping factory <canarytokens.channel_input_smtp.CanarySMTPFactory object at 0x7f97be644ec0>
2026-03-29T22:34:10+0000 [-] (TCP Port 8083 Closed)
2026-03-29T22:34:10+0000 [twisted.web.server.Site#info] Stopping factory <twisted.web.server.Site object at 0x7f97be644ad0>
2026-03-29T22:34:10+0000 [-] (UDP Port 5354 Closed)
2026-03-29T22:34:10+0000 [-] Stopping protocol <twisted.names.dns.DNSDatagramProtocol object at 0x7f97be6442f0>
2026-03-29T22:34:10+0000 [twisted.internet.base#info] Main loop terminated.
2026-03-29T22:34:10+0000 [twisted.scripts._twistd_unix.UnixAppLogger#info] Server Shut Down.
2026-03-29T22:34:25+0000 [canarytokens.switchboard#info] Canarytokens switchboard started
2026-03-29T22:34:25+0000 [canarytokens.channel#info] Started channel Email
2026-03-29T22:34:25+0000 [canarytokens.channel#info] Started channel Webhook
2026-03-29T22:34:25+0000 [canarytokens.channel#info] Started channel DNS
2026-03-29T22:34:25+0000 [canarytokens.channel#info] Started channel HTTP
2026-03-29T22:34:25+0000 [canarytokens.channel#info] Started channel SMTP
2026-03-29T22:34:25+0000 [canarytokens.channel#info] Started channel Kubeconfig
2026-03-29T22:34:25+0000 [canarytokens.channel_input_mtls#debug] _get_ssl_context
2026-03-29T22:34:25+0000 [canarytokens.channel_input_mtls#debug] checking for: kubeconfig_client_ca
2026-03-29T22:34:25+0000 [canarytokens.channel_input_mtls#debug] cert found
2026-03-29T22:34:25+0000 [canarytokens.channel_input_mtls#debug] checking for: kubeconfig_server_ca
2026-03-29T22:34:25+0000 [canarytokens.channel_input_mtls#debug] cert found
2026-03-29T22:34:25+0000 [canarytokens.channel_input_mtls#debug] checking for: kubeconfig_server_cert
2026-03-29T22:34:25+0000 [canarytokens.channel_input_mtls#debug] cert found
2026-03-29T22:34:25+0000 [canarytokens.channel#info] Started channel MYSQL
2026-03-29T22:34:25+0000 [canarytokens.channel#info] Started channel WireGuard
2026-03-29T22:34:25+0000 [canarytokens.channel_input_wireguard#info] Console public key: b'u4Suo33vb8S1otngI1D3Glb7bPqXXy3FAv2V0KvbDHg='
2026-03-29T22:34:25+0000 [-] Loaded.
2026-03-29T22:34:21+0000 [-] Loading switchboard.tac...
2026-03-29T22:34:25+0000 [canarytokens.switchboard#info] Canarytokens switchboard started
2026-03-29T22:34:25+0000 [canarytokens.channel#info] Started channel Email
2026-03-29T22:34:25+0000 [canarytokens.channel#info] Started channel Webhook
2026-03-29T22:34:25+0000 [canarytokens.channel#info] Started channel DNS
2026-03-29T22:34:25+0000 [canarytokens.channel#info] Started channel HTTP
2026-03-29T22:34:25+0000 [canarytokens.channel#info] Started channel SMTP
2026-03-29T22:34:25+0000 [canarytokens.channel#info] Started channel Kubeconfig
2026-03-29T22:34:25+0000 [canarytokens.channel_input_mtls#debug] _get_ssl_context
2026-03-29T22:34:25+0000 [canarytokens.channel_input_mtls#debug] checking for: kubeconfig_client_ca
2026-03-29T22:34:25+0000 [canarytokens.channel_input_mtls#debug] cert found
2026-03-29T22:34:25+0000 [canarytokens.channel_input_mtls#debug] checking for: kubeconfig_server_ca
2026-03-29T22:34:25+0000 [canarytokens.channel_input_mtls#debug] cert found
2026-03-29T22:34:25+0000 [canarytokens.channel_input_mtls#debug] checking for: kubeconfig_server_cert
2026-03-29T22:34:25+0000 [canarytokens.channel_input_mtls#debug] cert found
2026-03-29T22:34:25+0000 [canarytokens.channel#info] Started channel MYSQL
2026-03-29T22:34:25+0000 [canarytokens.channel#info] Started channel WireGuard
2026-03-29T22:34:25+0000 [canarytokens.channel_input_wireguard#info] Console public key: b'u4Suo33vb8S1otngI1D3Glb7bPqXXy3FAv2V0KvbDHg='
2026-03-29T22:34:25+0000 [-] Loaded.
2026-03-29T22:34:25+0000 [twisted.scripts._twistd_unix.UnixAppLogger#info] twistd 24.11.0 (/srv/.venv/bin/python 3.13.12) starting up.
2026-03-29T22:34:25+0000 [twisted.scripts._twistd_unix.UnixAppLogger#info] reactor class: twisted.internet.epollreactor.EPollReactor.
2026-03-29T22:34:25+0000 [-] DNSDatagramProtocol starting on 5354
2026-03-29T22:34:25+0000 [-] Starting protocol <twisted.names.dns.DNSDatagramProtocol object at 0x7ff6c24582f0>
2026-03-29T22:34:25+0000 [-] Site starting on 8083
2026-03-29T22:34:25+0000 [twisted.web.server.Site#info] Starting factory <twisted.web.server.Site object at 0x7ff6c2458ad0>
2026-03-29T22:34:25+0000 [-] CanarySMTPFactory starting on 2500
2026-03-29T22:34:25+0000 [canarytokens.channel_input_smtp.CanarySMTPFactory#info] Starting factory <canarytokens.channel_input_smtp.CanarySMTPFactory object at 0x7ff6c2458ec0>
2026-03-29T22:34:25+0000 [-] mTLSFactory (TLS) starting on 6443
2026-03-29T22:34:25+0000 [canarytokens.channel_input_mtls.mTLSFactory#info] Starting factory <canarytokens.channel_input_mtls.mTLSFactory object at 0x7ff6c245bb60>
2026-03-29T22:34:25+0000 [-] CanaryMySQLFactory starting on 3306
2026-03-29T22:34:25+0000 [canarytokens.channel_input_mysql.CanaryMySQLFactory#info] Starting factory <canarytokens.channel_input_mysql.CanaryMySQLFactory object at 0x7ff6c24941a0>
2026-03-29T22:34:25+0000 [-] WireGuardProtocol starting on 51820
2026-03-29T22:34:25+0000 [-] Starting protocol <canarytokens.channel_input_wireguard.WireGuardProtocol object at 0x7ff6c2494980>
2026-03-29T22:43:28+0000 [twisted.internet.base#info] Received SIGTERM, shutting down.
2026-03-29T22:43:28+0000 [-] (UDP Port 51820 Closed)
2026-03-29T22:43:28+0000 [-] Stopping protocol <canarytokens.channel_input_wireguard.WireGuardProtocol object at 0x7ff6c2494980>
2026-03-29T22:43:28+0000 [-] (TCP Port 3306 Closed)
2026-03-29T22:43:28+0000 [canarytokens.channel_input_mysql.CanaryMySQLFactory#info] Stopping factory <canarytokens.channel_input_mysql.CanaryMySQLFactory object at 0x7ff6c24941a0>
2026-03-29T22:43:28+0000 [-] (TLS Port 6443 Closed)
2026-03-29T22:43:28+0000 [canarytokens.channel_input_mtls.mTLSFactory#info] Stopping factory <canarytokens.channel_input_mtls.mTLSFactory object at 0x7ff6c245bb60>
2026-03-29T22:43:28+0000 [-] (TCP Port 2500 Closed)
2026-03-29T22:43:28+0000 [canarytokens.channel_input_smtp.CanarySMTPFactory#info] Stopping factory <canarytokens.channel_input_smtp.CanarySMTPFactory object at 0x7ff6c2458ec0>
2026-03-29T22:43:28+0000 [-] (TCP Port 8083 Closed)
2026-03-29T22:43:28+0000 [twisted.web.server.Site#info] Stopping factory <twisted.web.server.Site object at 0x7ff6c2458ad0>
2026-03-29T22:43:28+0000 [-] (UDP Port 5354 Closed)
2026-03-29T22:43:28+0000 [-] Stopping protocol <twisted.names.dns.DNSDatagramProtocol object at 0x7ff6c24582f0>
2026-03-29T22:43:28+0000 [twisted.internet.base#info] Main loop terminated.
2026-03-29T22:43:28+0000 [twisted.scripts._twistd_unix.UnixAppLogger#info] Server Shut Down.
2026-03-29T22:43:39+0000 [canarytokens.switchboard#info] Canarytokens switchboard started
2026-03-29T22:43:39+0000 [canarytokens.channel#info] Started channel Email
2026-03-29T22:43:39+0000 [canarytokens.channel#info] Started channel Webhook
2026-03-29T22:43:39+0000 [canarytokens.channel#info] Started channel DNS
2026-03-29T22:43:39+0000 [canarytokens.channel#info] Started channel HTTP
2026-03-29T22:43:39+0000 [canarytokens.channel#info] Started channel SMTP
2026-03-29T22:43:39+0000 [canarytokens.channel#info] Started channel Kubeconfig
2026-03-29T22:43:39+0000 [canarytokens.channel_input_mtls#debug] _get_ssl_context
2026-03-29T22:43:39+0000 [canarytokens.channel_input_mtls#debug] checking for: kubeconfig_client_ca
2026-03-29T22:43:39+0000 [canarytokens.channel_input_mtls#debug] cert found
2026-03-29T22:43:39+0000 [canarytokens.channel_input_mtls#debug] checking for: kubeconfig_server_ca
2026-03-29T22:43:39+0000 [canarytokens.channel_input_mtls#debug] cert found
2026-03-29T22:43:39+0000 [canarytokens.channel_input_mtls#debug] checking for: kubeconfig_server_cert
2026-03-29T22:43:39+0000 [canarytokens.channel_input_mtls#debug] cert found
2026-03-29T22:43:39+0000 [canarytokens.channel#info] Started channel MYSQL
2026-03-29T22:43:39+0000 [canarytokens.channel#info] Started channel WireGuard
2026-03-29T22:43:39+0000 [canarytokens.channel_input_wireguard#info] Console public key: b'Lmjk7fhnPCCkQdu1uEU2vymjPmlmY1zr2/UjGFbwt3E='
2026-03-29T22:43:39+0000 [-] Loaded.
2026-03-29T22:43:35+0000 [-] Loading switchboard.tac...
2026-03-29T22:43:39+0000 [canarytokens.switchboard#info] Canarytokens switchboard started
2026-03-29T22:43:39+0000 [canarytokens.channel#info] Started channel Email
2026-03-29T22:43:39+0000 [canarytokens.channel#info] Started channel Webhook
2026-03-29T22:43:39+0000 [canarytokens.channel#info] Started channel DNS
2026-03-29T22:43:39+0000 [canarytokens.channel#info] Started channel HTTP
2026-03-29T22:43:39+0000 [canarytokens.channel#info] Started channel SMTP
2026-03-29T22:43:39+0000 [canarytokens.channel#info] Started channel Kubeconfig
2026-03-29T22:43:39+0000 [canarytokens.channel_input_mtls#debug] _get_ssl_context
2026-03-29T22:43:39+0000 [canarytokens.channel_input_mtls#debug] checking for: kubeconfig_client_ca
2026-03-29T22:43:39+0000 [canarytokens.channel_input_mtls#debug] cert found
2026-03-29T22:43:39+0000 [canarytokens.channel_input_mtls#debug] checking for: kubeconfig_server_ca
2026-03-29T22:43:39+0000 [canarytokens.channel_input_mtls#debug] cert found
2026-03-29T22:43:39+0000 [canarytokens.channel_input_mtls#debug] checking for: kubeconfig_server_cert
2026-03-29T22:43:39+0000 [canarytokens.channel_input_mtls#debug] cert found
2026-03-29T22:43:39+0000 [canarytokens.channel#info] Started channel MYSQL
2026-03-29T22:43:39+0000 [canarytokens.channel#info] Started channel WireGuard
2026-03-29T22:43:39+0000 [canarytokens.channel_input_wireguard#info] Console public key: b'Lmjk7fhnPCCkQdu1uEU2vymjPmlmY1zr2/UjGFbwt3E='
2026-03-29T22:43:39+0000 [-] Loaded.
2026-03-29T22:43:39+0000 [twisted.scripts._twistd_unix.UnixAppLogger#info] twistd 24.11.0 (/srv/.venv/bin/python 3.13.12) starting up.
2026-03-29T22:43:39+0000 [twisted.scripts._twistd_unix.UnixAppLogger#info] reactor class: twisted.internet.epollreactor.EPollReactor.
2026-03-29T22:43:39+0000 [-] DNSDatagramProtocol starting on 5354
2026-03-29T22:43:39+0000 [-] Starting protocol <twisted.names.dns.DNSDatagramProtocol object at 0x7f213c2502f0>
2026-03-29T22:43:39+0000 [-] Site starting on 8083
2026-03-29T22:43:39+0000 [twisted.web.server.Site#info] Starting factory <twisted.web.server.Site object at 0x7f213c250ad0>
2026-03-29T22:43:39+0000 [-] CanarySMTPFactory starting on 2500
2026-03-29T22:43:39+0000 [canarytokens.channel_input_smtp.CanarySMTPFactory#info] Starting factory <canarytokens.channel_input_smtp.CanarySMTPFactory object at 0x7f213c250ec0>
2026-03-29T22:43:39+0000 [-] mTLSFactory (TLS) starting on 6443
2026-03-29T22:43:39+0000 [canarytokens.channel_input_mtls.mTLSFactory#info] Starting factory <canarytokens.channel_input_mtls.mTLSFactory object at 0x7f213c253b60>
2026-03-29T22:43:39+0000 [-] CanaryMySQLFactory starting on 3306
2026-03-29T22:43:39+0000 [canarytokens.channel_input_mysql.CanaryMySQLFactory#info] Starting factory <canarytokens.channel_input_mysql.CanaryMySQLFactory object at 0x7f213c2901a0>
2026-03-29T22:43:39+0000 [-] WireGuardProtocol starting on 51820
2026-03-29T22:43:39+0000 [-] Starting protocol <canarytokens.channel_input_wireguard.WireGuardProtocol object at 0x7f213c290980>
2026-03-29T22:47:02+0000 [twisted.internet.base#info] Received SIGTERM, shutting down.
2026-03-29T22:47:02+0000 [-] (UDP Port 51820 Closed)
2026-03-29T22:47:02+0000 [-] Stopping protocol <canarytokens.channel_input_wireguard.WireGuardProtocol object at 0x7f213c290980>
2026-03-29T22:47:02+0000 [-] (TCP Port 3306 Closed)
2026-03-29T22:47:02+0000 [canarytokens.channel_input_mysql.CanaryMySQLFactory#info] Stopping factory <canarytokens.channel_input_mysql.CanaryMySQLFactory object at 0x7f213c2901a0>
2026-03-29T22:47:02+0000 [-] (TLS Port 6443 Closed)
2026-03-29T22:47:02+0000 [canarytokens.channel_input_mtls.mTLSFactory#info] Stopping factory <canarytokens.channel_input_mtls.mTLSFactory object at 0x7f213c253b60>
2026-03-29T22:47:02+0000 [-] (TCP Port 2500 Closed)
2026-03-29T22:47:02+0000 [canarytokens.channel_input_smtp.CanarySMTPFactory#info] Stopping factory <canarytokens.channel_input_smtp.CanarySMTPFactory object at 0x7f213c250ec0>
2026-03-29T22:47:02+0000 [-] (TCP Port 8083 Closed)
2026-03-29T22:47:02+0000 [twisted.web.server.Site#info] Stopping factory <twisted.web.server.Site object at 0x7f213c250ad0>
2026-03-29T22:47:02+0000 [-] (UDP Port 5354 Closed)
2026-03-29T22:47:02+0000 [-] Stopping protocol <twisted.names.dns.DNSDatagramProtocol object at 0x7f213c2502f0>
2026-03-29T22:47:02+0000 [twisted.internet.base#info] Main loop terminated.
2026-03-29T22:47:02+0000 [twisted.scripts._twistd_unix.UnixAppLogger#info] Server Shut Down.
2026-03-29T22:47:16+0000 [canarytokens.switchboard#info] Canarytokens switchboard started
2026-03-29T22:47:16+0000 [canarytokens.channel#info] Started channel Email
2026-03-29T22:47:16+0000 [canarytokens.channel#info] Started channel Webhook
2026-03-29T22:47:16+0000 [canarytokens.channel#info] Started channel DNS
2026-03-29T22:47:16+0000 [canarytokens.channel#info] Started channel HTTP
2026-03-29T22:47:16+0000 [canarytokens.channel#info] Started channel SMTP
2026-03-29T22:47:17+0000 [canarytokens.channel#info] Started channel Kubeconfig
2026-03-29T22:47:17+0000 [canarytokens.channel_input_mtls#debug] _get_ssl_context
2026-03-29T22:47:17+0000 [canarytokens.channel_input_mtls#debug] checking for: kubeconfig_client_ca
2026-03-29T22:47:17+0000 [canarytokens.channel_input_mtls#debug] cert found
2026-03-29T22:47:17+0000 [canarytokens.channel_input_mtls#debug] checking for: kubeconfig_server_ca
2026-03-29T22:47:17+0000 [canarytokens.channel_input_mtls#debug] cert found
2026-03-29T22:47:17+0000 [canarytokens.channel_input_mtls#debug] checking for: kubeconfig_server_cert
2026-03-29T22:47:17+0000 [canarytokens.channel_input_mtls#debug] cert found
2026-03-29T22:47:17+0000 [canarytokens.channel#info] Started channel MYSQL
2026-03-29T22:47:17+0000 [canarytokens.channel#info] Started channel WireGuard
2026-03-29T22:47:17+0000 [canarytokens.channel_input_wireguard#info] Console public key: b'ltdwq1yGI69V787pMgQyrJDQEGzIwGbexHgcnwn7fHw='
2026-03-29T22:47:17+0000 [-] Loaded.
2026-03-29T22:47:13+0000 [-] Loading switchboard.tac...
2026-03-29T22:47:16+0000 [canarytokens.switchboard#info] Canarytokens switchboard started
2026-03-29T22:47:16+0000 [canarytokens.channel#info] Started channel Email
2026-03-29T22:47:16+0000 [canarytokens.channel#info] Started channel Webhook
2026-03-29T22:47:16+0000 [canarytokens.channel#info] Started channel DNS
2026-03-29T22:47:16+0000 [canarytokens.channel#info] Started channel HTTP
2026-03-29T22:47:16+0000 [canarytokens.channel#info] Started channel SMTP
2026-03-29T22:47:17+0000 [canarytokens.channel#info] Started channel Kubeconfig
2026-03-29T22:47:17+0000 [canarytokens.channel_input_mtls#debug] _get_ssl_context
2026-03-29T22:47:17+0000 [canarytokens.channel_input_mtls#debug] checking for: kubeconfig_client_ca
2026-03-29T22:47:17+0000 [canarytokens.channel_input_mtls#debug] cert found
2026-03-29T22:47:17+0000 [canarytokens.channel_input_mtls#debug] checking for: kubeconfig_server_ca
2026-03-29T22:47:17+0000 [canarytokens.channel_input_mtls#debug] cert found
2026-03-29T22:47:17+0000 [canarytokens.channel_input_mtls#debug] checking for: kubeconfig_server_cert
2026-03-29T22:47:17+0000 [canarytokens.channel_input_mtls#debug] cert found
2026-03-29T22:47:17+0000 [canarytokens.channel#info] Started channel MYSQL
2026-03-29T22:47:17+0000 [canarytokens.channel#info] Started channel WireGuard
2026-03-29T22:47:17+0000 [canarytokens.channel_input_wireguard#info] Console public key: b'ltdwq1yGI69V787pMgQyrJDQEGzIwGbexHgcnwn7fHw='
2026-03-29T22:47:17+0000 [-] Loaded.
2026-03-29T22:47:17+0000 [twisted.scripts._twistd_unix.UnixAppLogger#info] twistd 24.11.0 (/srv/.venv/bin/python 3.13.12) starting up.
2026-03-29T22:47:17+0000 [twisted.scripts._twistd_unix.UnixAppLogger#info] reactor class: twisted.internet.epollreactor.EPollReactor.
2026-03-29T22:47:17+0000 [-] DNSDatagramProtocol starting on 5354
2026-03-29T22:47:17+0000 [-] Starting protocol <twisted.names.dns.DNSDatagramProtocol object at 0x7f1e70a402f0>
2026-03-29T22:47:17+0000 [-] Site starting on 8083
2026-03-29T22:47:17+0000 [twisted.web.server.Site#info] Starting factory <twisted.web.server.Site object at 0x7f1e70a40ad0>
2026-03-29T22:47:17+0000 [-] CanarySMTPFactory starting on 2500
2026-03-29T22:47:17+0000 [canarytokens.channel_input_smtp.CanarySMTPFactory#info] Starting factory <canarytokens.channel_input_smtp.CanarySMTPFactory object at 0x7f1e70a40ec0>
2026-03-29T22:47:17+0000 [-] mTLSFactory (TLS) starting on 6443
2026-03-29T22:47:17+0000 [canarytokens.channel_input_mtls.mTLSFactory#info] Starting factory <canarytokens.channel_input_mtls.mTLSFactory object at 0x7f1e70a43b60>
2026-03-29T22:47:17+0000 [-] CanaryMySQLFactory starting on 3306
2026-03-29T22:47:17+0000 [canarytokens.channel_input_mysql.CanaryMySQLFactory#info] Starting factory <canarytokens.channel_input_mysql.CanaryMySQLFactory object at 0x7f1e70a901a0>
2026-03-29T22:47:17+0000 [-] WireGuardProtocol starting on 51820
2026-03-29T22:47:17+0000 [-] Starting protocol <canarytokens.channel_input_wireguard.WireGuardProtocol object at 0x7f1e70a90980>
2026-03-29T22:51:27+0000 [twisted.internet.base#info] Received SIGTERM, shutting down.
2026-03-29T22:51:27+0000 [-] (UDP Port 51820 Closed)
2026-03-29T22:51:27+0000 [-] Stopping protocol <canarytokens.channel_input_wireguard.WireGuardProtocol object at 0x7f1e70a90980>
2026-03-29T22:51:27+0000 [-] (TCP Port 3306 Closed)
2026-03-29T22:51:27+0000 [canarytokens.channel_input_mysql.CanaryMySQLFactory#info] Stopping factory <canarytokens.channel_input_mysql.CanaryMySQLFactory object at 0x7f1e70a901a0>
2026-03-29T22:51:27+0000 [-] (TLS Port 6443 Closed)
2026-03-29T22:51:27+0000 [canarytokens.channel_input_mtls.mTLSFactory#info] Stopping factory <canarytokens.channel_input_mtls.mTLSFactory object at 0x7f1e70a43b60>
2026-03-29T22:51:27+0000 [-] (TCP Port 2500 Closed)
2026-03-29T22:51:27+0000 [canarytokens.channel_input_smtp.CanarySMTPFactory#info] Stopping factory <canarytokens.channel_input_smtp.CanarySMTPFactory object at 0x7f1e70a40ec0>
2026-03-29T22:51:27+0000 [-] (TCP Port 8083 Closed)
2026-03-29T22:51:27+0000 [twisted.web.server.Site#info] Stopping factory <twisted.web.server.Site object at 0x7f1e70a40ad0>
2026-03-29T22:51:27+0000 [-] (UDP Port 5354 Closed)
2026-03-29T22:51:27+0000 [-] Stopping protocol <twisted.names.dns.DNSDatagramProtocol object at 0x7f1e70a402f0>
2026-03-29T22:51:27+0000 [twisted.internet.base#info] Main loop terminated.
2026-03-29T22:51:27+0000 [twisted.scripts._twistd_unix.UnixAppLogger#info] Server Shut Down.
2026-03-29T22:51:46+0000 [canarytokens.switchboard#info] Canarytokens switchboard started
2026-03-29T22:51:46+0000 [canarytokens.channel#info] Started channel Email
2026-03-29T22:51:46+0000 [canarytokens.channel#info] Started channel Webhook
2026-03-29T22:51:46+0000 [canarytokens.channel#info] Started channel DNS
2026-03-29T22:51:46+0000 [canarytokens.channel#info] Started channel HTTP
2026-03-29T22:51:46+0000 [canarytokens.channel#info] Started channel SMTP
2026-03-29T22:51:47+0000 [canarytokens.channel#info] Started channel Kubeconfig
2026-03-29T22:51:47+0000 [canarytokens.channel_input_mtls#debug] _get_ssl_context
2026-03-29T22:51:47+0000 [canarytokens.channel_input_mtls#debug] checking for: kubeconfig_client_ca
2026-03-29T22:51:47+0000 [canarytokens.channel_input_mtls#debug] cert found
2026-03-29T22:51:47+0000 [canarytokens.channel_input_mtls#debug] checking for: kubeconfig_server_ca
2026-03-29T22:51:47+0000 [canarytokens.channel_input_mtls#debug] cert found
2026-03-29T22:51:47+0000 [canarytokens.channel_input_mtls#debug] checking for: kubeconfig_server_cert
2026-03-29T22:51:47+0000 [canarytokens.channel_input_mtls#debug] cert found
2026-03-29T22:51:47+0000 [canarytokens.channel#info] Started channel MYSQL
2026-03-29T22:51:47+0000 [canarytokens.channel#info] Started channel WireGuard
2026-03-29T22:51:47+0000 [canarytokens.channel_input_wireguard#info] Console public key: b'xxJ8y2Dej2oOhsF3U1Mgl2rxNiJ5GDP9YtVCuL5D4Ao='
2026-03-29T22:51:47+0000 [-] Loaded.
2026-03-29T22:51:43+0000 [-] Loading switchboard.tac...
2026-03-29T22:51:46+0000 [canarytokens.switchboard#info] Canarytokens switchboard started
2026-03-29T22:51:46+0000 [canarytokens.channel#info] Started channel Email
2026-03-29T22:51:46+0000 [canarytokens.channel#info] Started channel Webhook
2026-03-29T22:51:46+0000 [canarytokens.channel#info] Started channel DNS
2026-03-29T22:51:46+0000 [canarytokens.channel#info] Started channel HTTP
2026-03-29T22:51:46+0000 [canarytokens.channel#info] Started channel SMTP
2026-03-29T22:51:47+0000 [canarytokens.channel#info] Started channel Kubeconfig
2026-03-29T22:51:47+0000 [canarytokens.channel_input_mtls#debug] _get_ssl_context
2026-03-29T22:51:47+0000 [canarytokens.channel_input_mtls#debug] checking for: kubeconfig_client_ca
2026-03-29T22:51:47+0000 [canarytokens.channel_input_mtls#debug] cert found
2026-03-29T22:51:47+0000 [canarytokens.channel_input_mtls#debug] checking for: kubeconfig_server_ca
2026-03-29T22:51:47+0000 [canarytokens.channel_input_mtls#debug] cert found
2026-03-29T22:51:47+0000 [canarytokens.channel_input_mtls#debug] checking for: kubeconfig_server_cert
2026-03-29T22:51:47+0000 [canarytokens.channel_input_mtls#debug] cert found
2026-03-29T22:51:47+0000 [canarytokens.channel#info] Started channel MYSQL
2026-03-29T22:51:47+0000 [canarytokens.channel#info] Started channel WireGuard
2026-03-29T22:51:47+0000 [canarytokens.channel_input_wireguard#info] Console public key: b'xxJ8y2Dej2oOhsF3U1Mgl2rxNiJ5GDP9YtVCuL5D4Ao='
2026-03-29T22:51:47+0000 [-] Loaded.
2026-03-29T22:51:47+0000 [twisted.scripts._twistd_unix.UnixAppLogger#info] twistd 24.11.0 (/srv/.venv/bin/python 3.13.12) starting up.
2026-03-29T22:51:47+0000 [twisted.scripts._twistd_unix.UnixAppLogger#info] reactor class: twisted.internet.epollreactor.EPollReactor.
2026-03-29T22:51:47+0000 [-] DNSDatagramProtocol starting on 5354
2026-03-29T22:51:47+0000 [-] Starting protocol <twisted.names.dns.DNSDatagramProtocol object at 0x7fe9be34c2f0>
2026-03-29T22:51:47+0000 [-] Site starting on 8083
2026-03-29T22:51:47+0000 [twisted.web.server.Site#info] Starting factory <twisted.web.server.Site object at 0x7fe9be34cad0>
2026-03-29T22:51:47+0000 [-] CanarySMTPFactory starting on 2500
2026-03-29T22:51:47+0000 [canarytokens.channel_input_smtp.CanarySMTPFactory#info] Starting factory <canarytokens.channel_input_smtp.CanarySMTPFactory object at 0x7fe9be34cec0>
2026-03-29T22:51:47+0000 [-] mTLSFactory (TLS) starting on 6443
2026-03-29T22:51:47+0000 [canarytokens.channel_input_mtls.mTLSFactory#info] Starting factory <canarytokens.channel_input_mtls.mTLSFactory object at 0x7fe9be34fb60>
2026-03-29T22:51:47+0000 [-] CanaryMySQLFactory starting on 3306
2026-03-29T22:51:47+0000 [canarytokens.channel_input_mysql.CanaryMySQLFactory#info] Starting factory <canarytokens.channel_input_mysql.CanaryMySQLFactory object at 0x7fe9be3901a0>
2026-03-29T22:51:47+0000 [-] WireGuardProtocol starting on 51820
2026-03-29T22:51:47+0000 [-] Starting protocol <canarytokens.channel_input_wireguard.WireGuardProtocol object at 0x7fe9be390980>
2026-03-29T22:54:31+0000 [twisted.internet.base#info] Received SIGTERM, shutting down.
2026-03-29T22:54:31+0000 [-] (UDP Port 51820 Closed)
2026-03-29T22:54:31+0000 [-] Stopping protocol <canarytokens.channel_input_wireguard.WireGuardProtocol object at 0x7fe9be390980>
2026-03-29T22:54:31+0000 [-] (TCP Port 3306 Closed)
2026-03-29T22:54:31+0000 [canarytokens.channel_input_mysql.CanaryMySQLFactory#info] Stopping factory <canarytokens.channel_input_mysql.CanaryMySQLFactory object at 0x7fe9be3901a0>
2026-03-29T22:54:31+0000 [-] (TLS Port 6443 Closed)
2026-03-29T22:54:31+0000 [canarytokens.channel_input_mtls.mTLSFactory#info] Stopping factory <canarytokens.channel_input_mtls.mTLSFactory object at 0x7fe9be34fb60>
2026-03-29T22:54:31+0000 [-] (TCP Port 2500 Closed)
2026-03-29T22:54:31+0000 [canarytokens.channel_input_smtp.CanarySMTPFactory#info] Stopping factory <canarytokens.channel_input_smtp.CanarySMTPFactory object at 0x7fe9be34cec0>
2026-03-29T22:54:31+0000 [-] (TCP Port 8083 Closed)
2026-03-29T22:54:31+0000 [twisted.web.server.Site#info] Stopping factory <twisted.web.server.Site object at 0x7fe9be34cad0>
2026-03-29T22:54:31+0000 [-] (UDP Port 5354 Closed)
2026-03-29T22:54:31+0000 [-] Stopping protocol <twisted.names.dns.DNSDatagramProtocol object at 0x7fe9be34c2f0>
2026-03-29T22:54:31+0000 [twisted.internet.base#info] Main loop terminated.
2026-03-29T22:54:31+0000 [twisted.scripts._twistd_unix.UnixAppLogger#info] Server Shut Down.
2026-03-29T22:54:45+0000 [canarytokens.switchboard#info] Canarytokens switchboard started
2026-03-29T22:54:45+0000 [canarytokens.channel#info] Started channel Email
2026-03-29T22:54:45+0000 [canarytokens.channel#info] Started channel Webhook
2026-03-29T22:54:45+0000 [canarytokens.channel#info] Started channel DNS
2026-03-29T22:54:45+0000 [canarytokens.channel#info] Started channel HTTP
2026-03-29T22:54:45+0000 [canarytokens.channel#info] Started channel SMTP
2026-03-29T22:54:45+0000 [canarytokens.channel#info] Started channel Kubeconfig
2026-03-29T22:54:45+0000 [canarytokens.channel_input_mtls#debug] _get_ssl_context
2026-03-29T22:54:45+0000 [canarytokens.channel_input_mtls#debug] checking for: kubeconfig_client_ca
2026-03-29T22:54:45+0000 [canarytokens.channel_input_mtls#debug] cert found
2026-03-29T22:54:45+0000 [canarytokens.channel_input_mtls#debug] checking for: kubeconfig_server_ca
2026-03-29T22:54:45+0000 [canarytokens.channel_input_mtls#debug] cert found
2026-03-29T22:54:45+0000 [canarytokens.channel_input_mtls#debug] checking for: kubeconfig_server_cert
2026-03-29T22:54:45+0000 [canarytokens.channel_input_mtls#debug] cert found
2026-03-29T22:54:45+0000 [canarytokens.channel#info] Started channel MYSQL
2026-03-29T22:54:45+0000 [canarytokens.channel#info] Started channel WireGuard
2026-03-29T22:54:45+0000 [canarytokens.channel_input_wireguard#info] Console public key: b'wnsv5fZWGMuJdGsgWAgFTJztZft9uVe6WXGYE3EUWCk='
2026-03-29T22:54:45+0000 [-] Loaded.
2026-03-29T22:54:41+0000 [-] Loading switchboard.tac...
2026-03-29T22:54:45+0000 [canarytokens.switchboard#info] Canarytokens switchboard started
2026-03-29T22:54:45+0000 [canarytokens.channel#info] Started channel Email
2026-03-29T22:54:45+0000 [canarytokens.channel#info] Started channel Webhook
2026-03-29T22:54:45+0000 [canarytokens.channel#info] Started channel DNS
2026-03-29T22:54:45+0000 [canarytokens.channel#info] Started channel HTTP
2026-03-29T22:54:45+0000 [canarytokens.channel#info] Started channel SMTP
2026-03-29T22:54:45+0000 [canarytokens.channel#info] Started channel Kubeconfig
2026-03-29T22:54:45+0000 [canarytokens.channel_input_mtls#debug] _get_ssl_context
2026-03-29T22:54:45+0000 [canarytokens.channel_input_mtls#debug] checking for: kubeconfig_client_ca
2026-03-29T22:54:45+0000 [canarytokens.channel_input_mtls#debug] cert found
2026-03-29T22:54:45+0000 [canarytokens.channel_input_mtls#debug] checking for: kubeconfig_server_ca
2026-03-29T22:54:45+0000 [canarytokens.channel_input_mtls#debug] cert found
2026-03-29T22:54:45+0000 [canarytokens.channel_input_mtls#debug] checking for: kubeconfig_server_cert
2026-03-29T22:54:45+0000 [canarytokens.channel_input_mtls#debug] cert found
2026-03-29T22:54:45+0000 [canarytokens.channel#info] Started channel MYSQL
2026-03-29T22:54:45+0000 [canarytokens.channel#info] Started channel WireGuard
2026-03-29T22:54:45+0000 [canarytokens.channel_input_wireguard#info] Console public key: b'wnsv5fZWGMuJdGsgWAgFTJztZft9uVe6WXGYE3EUWCk='
2026-03-29T22:54:45+0000 [-] Loaded.
2026-03-29T22:54:45+0000 [twisted.scripts._twistd_unix.UnixAppLogger#info] twistd 24.11.0 (/srv/.venv/bin/python 3.13.12) starting up.
2026-03-29T22:54:45+0000 [twisted.scripts._twistd_unix.UnixAppLogger#info] reactor class: twisted.internet.epollreactor.EPollReactor.
2026-03-29T22:54:45+0000 [-] DNSDatagramProtocol starting on 5354
2026-03-29T22:54:45+0000 [-] Starting protocol <twisted.names.dns.DNSDatagramProtocol object at 0x7f63cc34c2f0>
2026-03-29T22:54:45+0000 [-] Site starting on 8083
2026-03-29T22:54:45+0000 [twisted.web.server.Site#info] Starting factory <twisted.web.server.Site object at 0x7f63cc34cad0>
2026-03-29T22:54:45+0000 [-] CanarySMTPFactory starting on 2500
2026-03-29T22:54:45+0000 [canarytokens.channel_input_smtp.CanarySMTPFactory#info] Starting factory <canarytokens.channel_input_smtp.CanarySMTPFactory object at 0x7f63cc34cec0>
2026-03-29T22:54:45+0000 [-] mTLSFactory (TLS) starting on 6443
2026-03-29T22:54:45+0000 [canarytokens.channel_input_mtls.mTLSFactory#info] Starting factory <canarytokens.channel_input_mtls.mTLSFactory object at 0x7f63cc34fb60>
2026-03-29T22:54:45+0000 [-] CanaryMySQLFactory starting on 3306
2026-03-29T22:54:45+0000 [canarytokens.channel_input_mysql.CanaryMySQLFactory#info] Starting factory <canarytokens.channel_input_mysql.CanaryMySQLFactory object at 0x7f63cc3901a0>
2026-03-29T22:54:45+0000 [-] WireGuardProtocol starting on 51820
2026-03-29T22:54:45+0000 [-] Starting protocol <canarytokens.channel_input_wireguard.WireGuardProtocol object at 0x7f63cc390980>
2026-03-29T22:58:54+0000 [twisted.internet.base#info] Received SIGTERM, shutting down.
2026-03-29T22:58:54+0000 [-] (UDP Port 51820 Closed)
2026-03-29T22:58:54+0000 [-] Stopping protocol <canarytokens.channel_input_wireguard.WireGuardProtocol object at 0x7f63cc390980>
2026-03-29T22:58:54+0000 [-] (TCP Port 3306 Closed)
2026-03-29T22:58:54+0000 [canarytokens.channel_input_mysql.CanaryMySQLFactory#info] Stopping factory <canarytokens.channel_input_mysql.CanaryMySQLFactory object at 0x7f63cc3901a0>
2026-03-29T22:58:54+0000 [-] (TLS Port 6443 Closed)
2026-03-29T22:58:54+0000 [canarytokens.channel_input_mtls.mTLSFactory#info] Stopping factory <canarytokens.channel_input_mtls.mTLSFactory object at 0x7f63cc34fb60>
2026-03-29T22:58:54+0000 [-] (TCP Port 2500 Closed)
2026-03-29T22:58:54+0000 [canarytokens.channel_input_smtp.CanarySMTPFactory#info] Stopping factory <canarytokens.channel_input_smtp.CanarySMTPFactory object at 0x7f63cc34cec0>
2026-03-29T22:58:54+0000 [-] (TCP Port 8083 Closed)
2026-03-29T22:58:54+0000 [twisted.web.server.Site#info] Stopping factory <twisted.web.server.Site object at 0x7f63cc34cad0>
2026-03-29T22:58:54+0000 [-] (UDP Port 5354 Closed)
2026-03-29T22:58:54+0000 [-] Stopping protocol <twisted.names.dns.DNSDatagramProtocol object at 0x7f63cc34c2f0>
2026-03-29T22:58:54+0000 [twisted.internet.base#info] Main loop terminated.
2026-03-29T22:58:54+0000 [twisted.scripts._twistd_unix.UnixAppLogger#info] Server Shut Down.
2026-03-29T22:59:08+0000 [canarytokens.switchboard#info] Canarytokens switchboard started
2026-03-29T22:59:08+0000 [canarytokens.channel#info] Started channel Email
2026-03-29T22:59:08+0000 [canarytokens.channel#info] Started channel Webhook
2026-03-29T22:59:08+0000 [canarytokens.channel#info] Started channel DNS
2026-03-29T22:59:08+0000 [canarytokens.channel#info] Started channel HTTP
2026-03-29T22:59:08+0000 [canarytokens.channel#info] Started channel SMTP
2026-03-29T22:59:08+0000 [canarytokens.channel#info] Started channel Kubeconfig
2026-03-29T22:59:08+0000 [canarytokens.channel_input_mtls#debug] _get_ssl_context
2026-03-29T22:59:08+0000 [canarytokens.channel_input_mtls#debug] checking for: kubeconfig_client_ca
2026-03-29T22:59:08+0000 [canarytokens.channel_input_mtls#debug] cert found
2026-03-29T22:59:08+0000 [canarytokens.channel_input_mtls#debug] checking for: kubeconfig_server_ca
2026-03-29T22:59:08+0000 [canarytokens.channel_input_mtls#debug] cert found
2026-03-29T22:59:08+0000 [canarytokens.channel_input_mtls#debug] checking for: kubeconfig_server_cert
2026-03-29T22:59:08+0000 [canarytokens.channel_input_mtls#debug] cert found
2026-03-29T22:59:08+0000 [canarytokens.channel#info] Started channel MYSQL
2026-03-29T22:59:08+0000 [canarytokens.channel#info] Started channel WireGuard
2026-03-29T22:59:08+0000 [canarytokens.channel_input_wireguard#info] Console public key: b'bFdmcBJThaDehNIH8xiGpHsTJNJkrxVxZxD1zg1wIzo='
2026-03-29T22:59:08+0000 [-] Loaded.
2026-03-29T22:59:04+0000 [-] Loading switchboard.tac...
2026-03-29T22:59:08+0000 [canarytokens.switchboard#info] Canarytokens switchboard started
2026-03-29T22:59:08+0000 [canarytokens.channel#info] Started channel Email
2026-03-29T22:59:08+0000 [canarytokens.channel#info] Started channel Webhook
2026-03-29T22:59:08+0000 [canarytokens.channel#info] Started channel DNS
2026-03-29T22:59:08+0000 [canarytokens.channel#info] Started channel HTTP
2026-03-29T22:59:08+0000 [canarytokens.channel#info] Started channel SMTP
2026-03-29T22:59:08+0000 [canarytokens.channel#info] Started channel Kubeconfig
2026-03-29T22:59:08+0000 [canarytokens.channel_input_mtls#debug] _get_ssl_context
2026-03-29T22:59:08+0000 [canarytokens.channel_input_mtls#debug] checking for: kubeconfig_client_ca
2026-03-29T22:59:08+0000 [canarytokens.channel_input_mtls#debug] cert found
2026-03-29T22:59:08+0000 [canarytokens.channel_input_mtls#debug] checking for: kubeconfig_server_ca
2026-03-29T22:59:08+0000 [canarytokens.channel_input_mtls#debug] cert found
2026-03-29T22:59:08+0000 [canarytokens.channel_input_mtls#debug] checking for: kubeconfig_server_cert
2026-03-29T22:59:08+0000 [canarytokens.channel_input_mtls#debug] cert found
2026-03-29T22:59:08+0000 [canarytokens.channel#info] Started channel MYSQL
2026-03-29T22:59:08+0000 [canarytokens.channel#info] Started channel WireGuard
2026-03-29T22:59:08+0000 [canarytokens.channel_input_wireguard#info] Console public key: b'bFdmcBJThaDehNIH8xiGpHsTJNJkrxVxZxD1zg1wIzo='
2026-03-29T22:59:08+0000 [-] Loaded.
2026-03-29T22:59:08+0000 [twisted.scripts._twistd_unix.UnixAppLogger#info] twistd 24.11.0 (/srv/.venv/bin/python 3.13.12) starting up.
2026-03-29T22:59:08+0000 [twisted.scripts._twistd_unix.UnixAppLogger#info] reactor class: twisted.internet.epollreactor.EPollReactor.
2026-03-29T22:59:08+0000 [-] DNSDatagramProtocol starting on 5354
2026-03-29T22:59:08+0000 [-] Starting protocol <twisted.names.dns.DNSDatagramProtocol object at 0x7f94038582f0>
2026-03-29T22:59:08+0000 [-] Site starting on 8083
2026-03-29T22:59:08+0000 [twisted.web.server.Site#info] Starting factory <twisted.web.server.Site object at 0x7f9403858ad0>
2026-03-29T22:59:08+0000 [-] CanarySMTPFactory starting on 2500
2026-03-29T22:59:08+0000 [canarytokens.channel_input_smtp.CanarySMTPFactory#info] Starting factory <canarytokens.channel_input_smtp.CanarySMTPFactory object at 0x7f9403858ec0>
2026-03-29T22:59:08+0000 [-] mTLSFactory (TLS) starting on 6443
2026-03-29T22:59:08+0000 [canarytokens.channel_input_mtls.mTLSFactory#info] Starting factory <canarytokens.channel_input_mtls.mTLSFactory object at 0x7f940385bb60>
2026-03-29T22:59:08+0000 [-] CanaryMySQLFactory starting on 3306
2026-03-29T22:59:08+0000 [canarytokens.channel_input_mysql.CanaryMySQLFactory#info] Starting factory <canarytokens.channel_input_mysql.CanaryMySQLFactory object at 0x7f94038941a0>
2026-03-29T22:59:08+0000 [-] WireGuardProtocol starting on 51820
2026-03-29T22:59:08+0000 [-] Starting protocol <canarytokens.channel_input_wireguard.WireGuardProtocol object at 0x7f9403894980>
2026-03-29T23:07:36+0000 [twisted.internet.base#info] Received SIGTERM, shutting down.
2026-03-29T23:07:36+0000 [-] (UDP Port 51820 Closed)
2026-03-29T23:07:36+0000 [-] Stopping protocol <canarytokens.channel_input_wireguard.WireGuardProtocol object at 0x7f9403894980>
2026-03-29T23:07:36+0000 [-] (TCP Port 3306 Closed)
2026-03-29T23:07:36+0000 [canarytokens.channel_input_mysql.CanaryMySQLFactory#info] Stopping factory <canarytokens.channel_input_mysql.CanaryMySQLFactory object at 0x7f94038941a0>
2026-03-29T23:07:36+0000 [-] (TLS Port 6443 Closed)
2026-03-29T23:07:36+0000 [canarytokens.channel_input_mtls.mTLSFactory#info] Stopping factory <canarytokens.channel_input_mtls.mTLSFactory object at 0x7f940385bb60>
2026-03-29T23:07:36+0000 [-] (TCP Port 2500 Closed)
2026-03-29T23:07:36+0000 [canarytokens.channel_input_smtp.CanarySMTPFactory#info] Stopping factory <canarytokens.channel_input_smtp.CanarySMTPFactory object at 0x7f9403858ec0>
2026-03-29T23:07:36+0000 [-] (TCP Port 8083 Closed)
2026-03-29T23:07:36+0000 [twisted.web.server.Site#info] Stopping factory <twisted.web.server.Site object at 0x7f9403858ad0>
2026-03-29T23:07:36+0000 [-] (UDP Port 5354 Closed)
2026-03-29T23:07:36+0000 [-] Stopping protocol <twisted.names.dns.DNSDatagramProtocol object at 0x7f94038582f0>
2026-03-29T23:07:36+0000 [twisted.internet.base#info] Main loop terminated.
2026-03-29T23:07:36+0000 [twisted.scripts._twistd_unix.UnixAppLogger#info] Server Shut Down.
2026-03-29T23:07:59+0000 [canarytokens.switchboard#info] Canarytokens switchboard started
2026-03-29T23:07:59+0000 [canarytokens.channel#info] Started channel Email
2026-03-29T23:07:59+0000 [canarytokens.channel#info] Started channel Webhook
2026-03-29T23:07:59+0000 [canarytokens.channel#info] Started channel DNS
2026-03-29T23:07:59+0000 [canarytokens.channel#info] Started channel HTTP
2026-03-29T23:07:59+0000 [canarytokens.channel#info] Started channel SMTP
2026-03-29T23:07:59+0000 [canarytokens.channel#info] Started channel Kubeconfig
2026-03-29T23:07:59+0000 [canarytokens.channel_input_mtls#debug] _get_ssl_context
2026-03-29T23:07:59+0000 [canarytokens.channel_input_mtls#debug] checking for: kubeconfig_client_ca
2026-03-29T23:07:59+0000 [canarytokens.channel_input_mtls#debug] cert found
2026-03-29T23:07:59+0000 [canarytokens.channel_input_mtls#debug] checking for: kubeconfig_server_ca
2026-03-29T23:07:59+0000 [canarytokens.channel_input_mtls#debug] cert found
2026-03-29T23:07:59+0000 [canarytokens.channel_input_mtls#debug] checking for: kubeconfig_server_cert
2026-03-29T23:07:59+0000 [canarytokens.channel_input_mtls#debug] cert found
2026-03-29T23:07:59+0000 [canarytokens.channel#info] Started channel MYSQL
2026-03-29T23:07:59+0000 [canarytokens.channel#info] Started channel WireGuard
2026-03-29T23:07:59+0000 [canarytokens.channel_input_wireguard#info] Console public key: b'uipwqN+LvUGIZglklVSEOBitYO/KbJNGRlXS+3/XOA4='
2026-03-29T23:07:59+0000 [-] Loaded.
2026-03-29T23:07:56+0000 [-] Loading switchboard.tac...
2026-03-29T23:07:59+0000 [canarytokens.switchboard#info] Canarytokens switchboard started
2026-03-29T23:07:59+0000 [canarytokens.channel#info] Started channel Email
2026-03-29T23:07:59+0000 [canarytokens.channel#info] Started channel Webhook
2026-03-29T23:07:59+0000 [canarytokens.channel#info] Started channel DNS
2026-03-29T23:07:59+0000 [canarytokens.channel#info] Started channel HTTP
2026-03-29T23:07:59+0000 [canarytokens.channel#info] Started channel SMTP
2026-03-29T23:07:59+0000 [canarytokens.channel#info] Started channel Kubeconfig
2026-03-29T23:07:59+0000 [canarytokens.channel_input_mtls#debug] _get_ssl_context
2026-03-29T23:07:59+0000 [canarytokens.channel_input_mtls#debug] checking for: kubeconfig_client_ca
2026-03-29T23:07:59+0000 [canarytokens.channel_input_mtls#debug] cert found
2026-03-29T23:07:59+0000 [canarytokens.channel_input_mtls#debug] checking for: kubeconfig_server_ca
2026-03-29T23:07:59+0000 [canarytokens.channel_input_mtls#debug] cert found
2026-03-29T23:07:59+0000 [canarytokens.channel_input_mtls#debug] checking for: kubeconfig_server_cert
2026-03-29T23:07:59+0000 [canarytokens.channel_input_mtls#debug] cert found
2026-03-29T23:07:59+0000 [canarytokens.channel#info] Started channel MYSQL
2026-03-29T23:07:59+0000 [canarytokens.channel#info] Started channel WireGuard
2026-03-29T23:07:59+0000 [canarytokens.channel_input_wireguard#info] Console public key: b'uipwqN+LvUGIZglklVSEOBitYO/KbJNGRlXS+3/XOA4='
2026-03-29T23:07:59+0000 [-] Loaded.
2026-03-29T23:07:59+0000 [twisted.scripts._twistd_unix.UnixAppLogger#info] twistd 24.11.0 (/srv/.venv/bin/python 3.13.12) starting up.
2026-03-29T23:07:59+0000 [twisted.scripts._twistd_unix.UnixAppLogger#info] reactor class: twisted.internet.epollreactor.EPollReactor.
2026-03-29T23:07:59+0000 [-] DNSDatagramProtocol starting on 5354
2026-03-29T23:07:59+0000 [-] Starting protocol <twisted.names.dns.DNSDatagramProtocol object at 0x7f38c7e582f0>
2026-03-29T23:07:59+0000 [-] Site starting on 8083
2026-03-29T23:07:59+0000 [twisted.web.server.Site#info] Starting factory <twisted.web.server.Site object at 0x7f38c7e58ad0>
2026-03-29T23:07:59+0000 [-] CanarySMTPFactory starting on 2500
2026-03-29T23:07:59+0000 [canarytokens.channel_input_smtp.CanarySMTPFactory#info] Starting factory <canarytokens.channel_input_smtp.CanarySMTPFactory object at 0x7f38c7e58ec0>
2026-03-29T23:07:59+0000 [-] mTLSFactory (TLS) starting on 6443
2026-03-29T23:07:59+0000 [canarytokens.channel_input_mtls.mTLSFactory#info] Starting factory <canarytokens.channel_input_mtls.mTLSFactory object at 0x7f38c7e5bb60>
2026-03-29T23:07:59+0000 [-] CanaryMySQLFactory starting on 3306
2026-03-29T23:07:59+0000 [canarytokens.channel_input_mysql.CanaryMySQLFactory#info] Starting factory <canarytokens.channel_input_mysql.CanaryMySQLFactory object at 0x7f38c7e941a0>
2026-03-29T23:07:59+0000 [-] WireGuardProtocol starting on 51820
2026-03-29T23:07:59+0000 [-] Starting protocol <canarytokens.channel_input_wireguard.WireGuardProtocol object at 0x7f38c7e94980>
2026-03-29T23:24:43+0000 [canarytokens.queries#info] Saved canarydrop for token: 7i78mucgq3gup6ewofimhd3jb
2026-03-29T23:24:43+0000 [canarytokens.channel#info] reactor is running?: True
2026-03-29T23:24:43+0000 [twisted.python.log#info] "172.18.0.5" - - [29/Mar/2026:23:24:42 +0000] "GET /stuff/7i78mucgq3gup6ewofimhd3jb/payments.js HTTP/1.0" 200 55 "-" "Mozilla/4.0 (compatible; ms-office; MSOffice 16)"
2026-03-29T23:24:43+0000 [canarytokens.channel_output_email#error] No email settings found
2026-03-29T23:24:43+0000 [canarytokens.channel#error] Dispatch errored: [Failure instance: Traceback: <class 'AttributeError'>: 'NoneType' object has no attribute 'value'
	/srv/.venv/lib/python3.13/site-packages/twisted/python/threadpool.py:269:inContext
	/srv/.venv/lib/python3.13/site-packages/twisted/python/threadpool.py:285:<lambda>
	/srv/.venv/lib/python3.13/site-packages/twisted/python/context.py:117:callWithContext
	/srv/.venv/lib/python3.13/site-packages/twisted/python/context.py:82:callWithContext
	/srv/canarytokens/switchboard.py:93:dispatch
	/srv/canarytokens/channel.py:167:send_alert
	/srv/canarytokens/channel_output_email.py:595:do_send_alert
	/srv/canarytokens/channel_output_email.py:607:handle_email_response
	/srv/canarytokens/channel_output_email.py:102:handle
	]
2026-03-29T23:24:45+0000 [canarytokens.queries#info] Saved canarydrop for token: 7i78mucgq3gup6ewofimhd3jb
2026-03-29T23:24:45+0000 [canarytokens.channel#info] reactor is running?: True
2026-03-29T23:24:45+0000 [twisted.python.log#info] "172.18.0.5" - - [29/Mar/2026:23:24:44 +0000] "GET /stuff/7i78mucgq3gup6ewofimhd3jb/payments.js HTTP/1.0" 200 55 "-" "Mozilla/4.0 (compatible; ms-office; MSOffice 16)"
2026-03-29T23:24:45+0000 [canarytokens.switchboard#warn] Token 7i78mucgq3gup6ewofimhd3jb is not alertable at this stage.
2026-03-29T23:24:45+0000 [canarytokens.channel#info] Dispatched alert: None
2026-03-29T23:37:01+0000 [canarytokens.queries#info] Saved canarydrop for token: 7i78mucgq3gup6ewofimhd3jb
2026-03-29T23:37:01+0000 [canarytokens.channel#info] reactor is running?: True
2026-03-29T23:37:01+0000 [twisted.python.log#info] "172.18.0.5" - - [29/Mar/2026:23:37:01 +0000] "GET /stuff/7i78mucgq3gup6ewofimhd3jb/payments.js HTTP/1.0" 200 55 "-" "Mozilla/4.0 (compatible; ms-office; MSOffice 16)"
2026-03-29T23:37:01+0000 [canarytokens.channel_output_email#error] No email settings found
2026-03-29T23:37:01+0000 [canarytokens.queries#info] Saved canarydrop for token: 7i78mucgq3gup6ewofimhd3jb
2026-03-29T23:37:01+0000 [canarytokens.channel#info] reactor is running?: True
2026-03-29T23:37:01+0000 [twisted.python.log#info] "172.18.0.5" - - [29/Mar/2026:23:37:01 +0000] "GET /stuff/7i78mucgq3gup6ewofimhd3jb/payments.js HTTP/1.0" 200 55 "-" "Mozilla/4.0 (compatible; ms-office; MSOffice 16)"
2026-03-29T23:37:01+0000 [canarytokens.channel#error] Dispatch errored: [Failure instance: Traceback: <class 'AttributeError'>: 'NoneType' object has no attribute 'value'
	/srv/.venv/lib/python3.13/site-packages/twisted/python/threadpool.py:269:inContext
	/srv/.venv/lib/python3.13/site-packages/twisted/python/threadpool.py:285:<lambda>
	/srv/.venv/lib/python3.13/site-packages/twisted/python/context.py:117:callWithContext
	/srv/.venv/lib/python3.13/site-packages/twisted/python/context.py:82:callWithContext
	/srv/canarytokens/switchboard.py:93:dispatch
	/srv/canarytokens/channel.py:167:send_alert
	/srv/canarytokens/channel_output_email.py:595:do_send_alert
	/srv/canarytokens/channel_output_email.py:607:handle_email_response
	/srv/canarytokens/channel_output_email.py:102:handle
	]
2026-03-29T23:37:01+0000 [canarytokens.switchboard#warn] Token 7i78mucgq3gup6ewofimhd3jb is not alertable at this stage.
2026-03-29T23:37:01+0000 [canarytokens.channel#info] Dispatched alert: None
2026-03-29T23:37:54+0000 [canarytokens.queries#info] Saved canarydrop for token: 7i78mucgq3gup6ewofimhd3jb
2026-03-29T23:37:54+0000 [canarytokens.channel#info] reactor is running?: True
2026-03-29T23:37:54+0000 [twisted.python.log#info] "172.18.0.5" - - [29/Mar/2026:23:37:53 +0000] "GET /stuff/7i78mucgq3gup6ewofimhd3jb/payments.js HTTP/1.0" 200 55 "-" "Mozilla/4.0 (compatible; ms-office; MSOffice 16)"
2026-03-29T23:37:54+0000 [canarytokens.switchboard#warn] Token 7i78mucgq3gup6ewofimhd3jb is not alertable at this stage.
2026-03-29T23:37:54+0000 [canarytokens.channel#info] Dispatched alert: None
2026-03-29T23:40:18+0000 [canarytokens.queries#info] Saved canarydrop for token: 7i78mucgq3gup6ewofimhd3jb
2026-03-29T23:40:18+0000 [canarytokens.channel#info] reactor is running?: True
2026-03-29T23:40:18+0000 [twisted.python.log#info] "172.18.0.5" - - [29/Mar/2026:23:40:18 +0000] "GET /stuff/7i78mucgq3gup6ewofimhd3jb/payments.js HTTP/1.0" 200 55 "-" "Mozilla/4.0 (compatible; ms-office; MSOffice 16)"
2026-03-29T23:40:18+0000 [canarytokens.channel_output_email#error] No email settings found
2026-03-29T23:40:18+0000 [canarytokens.channel#error] Dispatch errored: [Failure instance: Traceback: <class 'AttributeError'>: 'NoneType' object has no attribute 'value'
	/srv/.venv/lib/python3.13/site-packages/twisted/python/threadpool.py:269:inContext
	/srv/.venv/lib/python3.13/site-packages/twisted/python/threadpool.py:285:<lambda>
	/srv/.venv/lib/python3.13/site-packages/twisted/python/context.py:117:callWithContext
	/srv/.venv/lib/python3.13/site-packages/twisted/python/context.py:82:callWithContext
	/srv/canarytokens/switchboard.py:93:dispatch
	/srv/canarytokens/channel.py:167:send_alert
	/srv/canarytokens/channel_output_email.py:595:do_send_alert
	/srv/canarytokens/channel_output_email.py:607:handle_email_response
	/srv/canarytokens/channel_output_email.py:102:handle
	]
2026-04-11T20:42:53+0000 [twisted.internet.base#info] Received SIGTERM, shutting down.
2026-04-11T20:42:53+0000 [-] (UDP Port 51820 Closed)
2026-04-11T20:42:53+0000 [-] Stopping protocol <canarytokens.channel_input_wireguard.WireGuardProtocol object at 0x7f38c7e94980>
2026-04-11T20:42:53+0000 [-] (TCP Port 3306 Closed)
2026-04-11T20:42:53+0000 [canarytokens.channel_input_mysql.CanaryMySQLFactory#info] Stopping factory <canarytokens.channel_input_mysql.CanaryMySQLFactory object at 0x7f38c7e941a0>
2026-04-11T20:42:53+0000 [-] (TLS Port 6443 Closed)
2026-04-11T20:42:53+0000 [canarytokens.channel_input_mtls.mTLSFactory#info] Stopping factory <canarytokens.channel_input_mtls.mTLSFactory object at 0x7f38c7e5bb60>
2026-04-11T20:42:53+0000 [-] (TCP Port 2500 Closed)
2026-04-11T20:42:53+0000 [canarytokens.channel_input_smtp.CanarySMTPFactory#info] Stopping factory <canarytokens.channel_input_smtp.CanarySMTPFactory object at 0x7f38c7e58ec0>
2026-04-11T20:42:53+0000 [-] (TCP Port 8083 Closed)
2026-04-11T20:42:53+0000 [twisted.web.server.Site#info] Stopping factory <twisted.web.server.Site object at 0x7f38c7e58ad0>
2026-04-11T20:42:53+0000 [-] (UDP Port 5354 Closed)
2026-04-11T20:42:53+0000 [-] Stopping protocol <twisted.names.dns.DNSDatagramProtocol object at 0x7f38c7e582f0>
2026-04-11T20:42:53+0000 [twisted.internet.base#info] Main loop terminated.
2026-04-11T20:42:53+0000 [twisted.scripts._twistd_unix.UnixAppLogger#info] Server Shut Down.
2026-04-11T20:43:37+0000 [canarytokens.switchboard#info] Canarytokens switchboard started
2026-04-11T20:43:37+0000 [canarytokens.channel#info] Started channel Email
2026-04-11T20:43:37+0000 [canarytokens.channel#info] Started channel Webhook
2026-04-11T20:43:37+0000 [canarytokens.channel#info] Started channel DNS
2026-04-11T20:43:37+0000 [canarytokens.channel#info] Started channel HTTP
2026-04-11T20:43:37+0000 [canarytokens.channel#info] Started channel SMTP
2026-04-11T20:43:37+0000 [canarytokens.channel#info] Started channel Kubeconfig
2026-04-11T20:43:37+0000 [canarytokens.channel_input_mtls#debug] _get_ssl_context
2026-04-11T20:43:37+0000 [canarytokens.channel_input_mtls#debug] checking for: kubeconfig_client_ca
2026-04-11T20:43:37+0000 [canarytokens.channel_input_mtls#debug] cert found
2026-04-11T20:43:37+0000 [canarytokens.channel_input_mtls#debug] checking for: kubeconfig_server_ca
2026-04-11T20:43:37+0000 [canarytokens.channel_input_mtls#debug] cert found
2026-04-11T20:43:37+0000 [canarytokens.channel_input_mtls#debug] checking for: kubeconfig_server_cert
2026-04-11T20:43:37+0000 [canarytokens.channel_input_mtls#debug] cert found
2026-04-11T20:43:37+0000 [canarytokens.channel#info] Started channel MYSQL
2026-04-11T20:43:37+0000 [canarytokens.channel#info] Started channel WireGuard
2026-04-11T20:43:37+0000 [canarytokens.channel_input_wireguard#info] Console public key: b'IIilrSoIKzKYpPx3S2cvqC2/utdoZGctLtYhbEbFqzY='
2026-04-11T20:43:37+0000 [-] Loaded.
2026-04-11T20:43:33+0000 [-] Loading switchboard.tac...
2026-04-11T20:43:37+0000 [canarytokens.switchboard#info] Canarytokens switchboard started
2026-04-11T20:43:37+0000 [canarytokens.channel#info] Started channel Email
2026-04-11T20:43:37+0000 [canarytokens.channel#info] Started channel Webhook
2026-04-11T20:43:37+0000 [canarytokens.channel#info] Started channel DNS
2026-04-11T20:43:37+0000 [canarytokens.channel#info] Started channel HTTP
2026-04-11T20:43:37+0000 [canarytokens.channel#info] Started channel SMTP
2026-04-11T20:43:37+0000 [canarytokens.channel#info] Started channel Kubeconfig
2026-04-11T20:43:37+0000 [canarytokens.channel_input_mtls#debug] _get_ssl_context
2026-04-11T20:43:37+0000 [canarytokens.channel_input_mtls#debug] checking for: kubeconfig_client_ca
2026-04-11T20:43:37+0000 [canarytokens.channel_input_mtls#debug] cert found
2026-04-11T20:43:37+0000 [canarytokens.channel_input_mtls#debug] checking for: kubeconfig_server_ca
2026-04-11T20:43:37+0000 [canarytokens.channel_input_mtls#debug] cert found
2026-04-11T20:43:37+0000 [canarytokens.channel_input_mtls#debug] checking for: kubeconfig_server_cert
2026-04-11T20:43:37+0000 [canarytokens.channel_input_mtls#debug] cert found
2026-04-11T20:43:37+0000 [canarytokens.channel#info] Started channel MYSQL
2026-04-11T20:43:37+0000 [canarytokens.channel#info] Started channel WireGuard
2026-04-11T20:43:37+0000 [canarytokens.channel_input_wireguard#info] Console public key: b'IIilrSoIKzKYpPx3S2cvqC2/utdoZGctLtYhbEbFqzY='
2026-04-11T20:43:37+0000 [-] Loaded.
2026-04-11T20:43:37+0000 [twisted.scripts._twistd_unix.UnixAppLogger#info] twistd 24.11.0 (/srv/.venv/bin/python 3.13.12) starting up.
2026-04-11T20:43:37+0000 [twisted.scripts._twistd_unix.UnixAppLogger#info] reactor class: twisted.internet.epollreactor.EPollReactor.
2026-04-11T20:43:37+0000 [-] DNSDatagramProtocol starting on 5354
2026-04-11T20:43:37+0000 [-] Starting protocol <twisted.names.dns.DNSDatagramProtocol object at 0x7f7ad6a442f0>
2026-04-11T20:43:37+0000 [-] Site starting on 8083
2026-04-11T20:43:37+0000 [twisted.web.server.Site#info] Starting factory <twisted.web.server.Site object at 0x7f7ad6a44ad0>
2026-04-11T20:43:37+0000 [-] CanarySMTPFactory starting on 2500
2026-04-11T20:43:37+0000 [canarytokens.channel_input_smtp.CanarySMTPFactory#info] Starting factory <canarytokens.channel_input_smtp.CanarySMTPFactory object at 0x7f7ad6a44ec0>
2026-04-11T20:43:37+0000 [-] mTLSFactory (TLS) starting on 6443
2026-04-11T20:43:37+0000 [canarytokens.channel_input_mtls.mTLSFactory#info] Starting factory <canarytokens.channel_input_mtls.mTLSFactory object at 0x7f7ad6a47b60>
2026-04-11T20:43:37+0000 [-] CanaryMySQLFactory starting on 3306
2026-04-11T20:43:37+0000 [canarytokens.channel_input_mysql.CanaryMySQLFactory#info] Starting factory <canarytokens.channel_input_mysql.CanaryMySQLFactory object at 0x7f7ad6a901a0>
2026-04-11T20:43:37+0000 [-] WireGuardProtocol starting on 51820
2026-04-11T20:43:37+0000 [-] Starting protocol <canarytokens.channel_input_wireguard.WireGuardProtocol object at 0x7f7ad6a90980>
2026-04-11T20:59:22+0000 [canarytokens.queries#info] Saved canarydrop for token: k73gl54tkw2fi41hs1qnq1s8j
2026-04-11T20:59:22+0000 [canarytokens.channel#info] reactor is running?: True
2026-04-11T20:59:22+0000 [twisted.python.log#info] "172.18.0.5" - - [11/Apr/2026:20:59:21 +0000] "GET /stuff/k73gl54tkw2fi41hs1qnq1s8j/payments.js HTTP/1.0" 200 55 "-" "Mozilla/4.0 (compatible; ms-office; MSOffice 16)"
2026-04-11T20:59:22+0000 [canarytokens.channel_output_email#error] No email settings found
2026-04-11T20:59:22+0000 [canarytokens.channel#error] Dispatch errored: [Failure instance: Traceback: <class 'AttributeError'>: 'NoneType' object has no attribute 'value'
	/srv/.venv/lib/python3.13/site-packages/twisted/python/threadpool.py:269:inContext
	/srv/.venv/lib/python3.13/site-packages/twisted/python/threadpool.py:285:<lambda>
	/srv/.venv/lib/python3.13/site-packages/twisted/python/context.py:117:callWithContext
	/srv/.venv/lib/python3.13/site-packages/twisted/python/context.py:82:callWithContext
	/srv/canarytokens/switchboard.py:93:dispatch
	/srv/canarytokens/channel.py:167:send_alert
	/srv/canarytokens/channel_output_email.py:595:do_send_alert
	/srv/canarytokens/channel_output_email.py:607:handle_email_response
	/srv/canarytokens/channel_output_email.py:102:handle
	]
2026-04-11T20:59:33+0000 [canarytokens.queries#info] Saved canarydrop for token: k73gl54tkw2fi41hs1qnq1s8j
2026-04-11T20:59:33+0000 [canarytokens.channel#info] reactor is running?: True
2026-04-11T20:59:33+0000 [twisted.python.log#info] "172.18.0.5" - - [11/Apr/2026:20:59:32 +0000] "GET /stuff/k73gl54tkw2fi41hs1qnq1s8j/payments.js HTTP/1.0" 200 55 "-" "Mozilla/4.0 (compatible; ms-office; MSOffice 16)"
2026-04-11T20:59:33+0000 [canarytokens.switchboard#warn] Token k73gl54tkw2fi41hs1qnq1s8j is not alertable at this stage.
2026-04-11T20:59:33+0000 [canarytokens.channel#info] Dispatched alert: None
