2026-03-29 00:18:12,296 INFO Server configured as master node
2026-03-29 00:18:12,296 INFO Starting DCEPT...
2026-03-29 00:18:12,317 INFO Database contains 1 generated passwords
2026-03-29 00:18:12,318 INFO Starting honeytoken generation server HTTP daemon 0.0.0.0:8087
2026-03-29 00:18:12,319 INFO kerbsniff: Looking for TRIPWYRE.COM\BackupAdministrator on ens160
2026-03-29 00:18:12,319 DEBUG Using selector: EpollSelector
2026-03-29 00:18:48,123 INFO kerb-as-req for domain user TRIPWYRE\Administrator
2026-03-29 00:18:48,123 DEBUG Ignoring kerb-as-req for 'TRIPWYRE\Administrator'
2026-03-29 00:18:48,128 DEBUG Ignoring kerberos packet - Not kerb-as-req
2026-03-29 00:18:48,143 INFO kerb-as-req for domain user TRIPWYRE\Administrator
2026-03-29 00:18:48,143 DEBUG Ignoring kerb-as-req for 'TRIPWYRE\Administrator'
2026-03-29 00:18:48,149 DEBUG Ignoring kerberos packet - Not kerb-as-req
2026-03-29 00:18:48,168 DEBUG Ignoring kerberos packet - Not kerb-as-req
2026-03-29 00:18:48,175 DEBUG Ignoring kerberos packet - Not kerb-as-req
2026-03-29 00:19:32,156 INFO kerb-as-req for domain user TRIPWYRE.COM\BackupAdministrator
2026-03-29 00:19:32,156 CRITICAL Honeytoken Kerberos authentication observed for TRIPWYRE.COM\BackupAdministrator
2026-03-29 00:19:33,488 INFO Server configured as master node
2026-03-29 00:19:33,488 INFO Starting DCEPT...
2026-03-29 00:19:33,488 INFO Database contains 2 generated passwords
2026-03-29 00:19:33,489 INFO Starting honeytoken generation server HTTP daemon 0.0.0.0:8087
2026-03-29 00:19:33,489 INFO kerbsniff: Looking for TRIPWYRE.COM\BackupAdministrator on ens160
2026-03-29 00:19:33,489 DEBUG Using selector: EpollSelector
2026-03-29 00:23:07,499 INFO kerb-as-req for domain user TRIPWYRE.COM\BackupAdministrator
2026-03-29 00:23:07,501 CRITICAL Honeytoken Kerberos authentication observed for TRIPWYRE.COM\BackupAdministrator
2026-03-29 00:23:08,878 INFO Server configured as master node
2026-03-29 00:23:08,878 INFO Starting DCEPT...
2026-03-29 00:23:08,878 INFO Database contains 2 generated passwords
2026-03-29 00:23:08,879 INFO Starting honeytoken generation server HTTP daemon 0.0.0.0:8087
2026-03-29 00:23:08,880 INFO kerbsniff: Looking for TRIPWYRE.COM\BackupAdministrator on ens160
2026-03-29 00:23:08,881 DEBUG Using selector: EpollSelector
2026-03-29 00:25:26,411 INFO kerb-as-req for domain user TRIPWYRE.COM\BackupAdministrator
2026-03-29 00:25:26,411 CRITICAL Honeytoken Kerberos authentication observed for TRIPWYRE.COM\BackupAdministrator
2026-03-29 00:25:27,754 INFO Server configured as master node
2026-03-29 00:25:27,754 INFO Starting DCEPT...
2026-03-29 00:25:27,755 INFO Database contains 3 generated passwords
2026-03-29 00:25:27,755 INFO Starting honeytoken generation server HTTP daemon 0.0.0.0:8087
2026-03-29 00:25:27,757 INFO kerbsniff: Looking for TRIPWYRE.COM\BackupAdministrator on ens160
2026-03-29 00:25:27,758 DEBUG Using selector: EpollSelector
2026-03-29 00:33:48,721 INFO kerb-as-req for domain user TRIPWYRE.COM\Administrator
2026-03-29 00:33:48,721 DEBUG Ignoring kerb-as-req for 'TRIPWYRE.COM\Administrator'
2026-03-29 00:33:48,724 DEBUG Ignoring kerberos packet - Not kerb-as-req
2026-03-29 00:33:48,738 INFO kerb-as-req for domain user TRIPWYRE.COM\Administrator
2026-03-29 00:33:48,738 DEBUG Ignoring kerb-as-req for 'TRIPWYRE.COM\Administrator'
2026-03-29 00:33:48,742 DEBUG Ignoring kerberos packet - Not kerb-as-req
2026-03-29 00:33:48,760 DEBUG Ignoring kerberos packet - Not kerb-as-req
2026-03-29 00:33:48,768 DEBUG Ignoring kerberos packet - Not kerb-as-req
2026-03-29 00:33:48,770 DEBUG Ignoring kerberos packet - Not kerb-as-req
2026-03-29 00:41:54,320 INFO Server configured as master node
2026-03-29 00:41:54,321 INFO Starting DCEPT...
2026-03-29 00:41:54,325 INFO Database contains 3 generated passwords
2026-03-29 00:41:54,330 INFO Starting honeytoken generation server HTTP daemon 0.0.0.0:8087
2026-03-29 00:41:54,330 INFO kerbsniff: Looking for TRIPWYRE.COM\BackupAdministrator on ens160
2026-03-29 00:41:54,331 DEBUG Using selector: EpollSelector
2026-03-29 00:42:16,268 INFO kerb-as-req for domain user TRIPWYRE\Administrator
2026-03-29 00:42:16,269 DEBUG Ignoring kerb-as-req for 'TRIPWYRE\Administrator'
2026-03-29 00:42:16,271 DEBUG Ignoring kerberos packet - Not kerb-as-req
2026-03-29 00:42:16,284 INFO kerb-as-req for domain user TRIPWYRE\Administrator
2026-03-29 00:42:16,285 DEBUG Ignoring kerb-as-req for 'TRIPWYRE\Administrator'
2026-03-29 00:42:16,289 DEBUG Ignoring kerberos packet - Not kerb-as-req
2026-03-29 00:42:16,306 DEBUG Ignoring kerberos packet - Not kerb-as-req
2026-03-29 00:42:16,312 DEBUG Ignoring kerberos packet - Not kerb-as-req
2026-03-29 00:42:38,796 INFO kerb-as-req for domain user TRIPWYRE.COM\BackupAdministrator
2026-03-29 00:42:38,796 CRITICAL Honeytoken Kerberos authentication observed for TRIPWYRE.COM\BackupAdministrator
2026-03-29 00:42:40,168 INFO Server configured as master node
2026-03-29 00:42:40,168 INFO Starting DCEPT...
2026-03-29 00:42:40,168 INFO Database contains 4 generated passwords
2026-03-29 00:42:40,169 INFO Starting honeytoken generation server HTTP daemon 0.0.0.0:8087
2026-03-29 00:42:40,169 INFO kerbsniff: Looking for TRIPWYRE.COM\BackupAdministrator on ens160
2026-03-29 00:42:40,169 DEBUG Using selector: EpollSelector
2026-03-29 00:47:32,303 INFO kerb-as-req for domain user TRIPWYRE.COM\BackupAdministrator
2026-03-29 00:47:32,305 CRITICAL Honeytoken Kerberos authentication observed for TRIPWYRE.COM\BackupAdministrator
2026-03-29 00:47:33,788 INFO Server configured as master node
2026-03-29 00:47:33,789 INFO Starting DCEPT...
2026-03-29 00:47:33,790 INFO Database contains 4 generated passwords
2026-03-29 00:47:33,791 INFO Starting honeytoken generation server HTTP daemon 0.0.0.0:8087
2026-03-29 00:47:33,792 INFO kerbsniff: Looking for TRIPWYRE.COM\BackupAdministrator on ens160
2026-03-29 00:47:33,792 DEBUG Using selector: EpollSelector
2026-03-29 00:51:32,974 INFO kerb-as-req for domain user TRIPWYRE.COM\BackupAdministrator
2026-03-29 00:51:32,975 CRITICAL Honeytoken Kerberos authentication observed for TRIPWYRE.COM\BackupAdministrator
2026-03-29 00:51:34,294 INFO Server configured as master node
2026-03-29 00:51:34,294 INFO Starting DCEPT...
2026-03-29 00:51:34,294 INFO Database contains 4 generated passwords
2026-03-29 00:51:34,295 INFO Starting honeytoken generation server HTTP daemon 0.0.0.0:8087
2026-03-29 00:51:34,296 INFO kerbsniff: Looking for TRIPWYRE.COM\BackupAdministrator on ens160
2026-03-29 00:51:34,296 DEBUG Using selector: EpollSelector
2026-03-29 00:52:05,195 INFO kerb-as-req for domain user TRIPWYRE.COM\BackupAdministrator
2026-03-29 00:52:05,195 CRITICAL Honeytoken Kerberos authentication observed for TRIPWYRE.COM\BackupAdministrator
2026-03-29 00:52:06,518 INFO Server configured as master node
2026-03-29 00:52:06,518 INFO Starting DCEPT...
2026-03-29 00:52:06,519 INFO Database contains 4 generated passwords
2026-03-29 00:52:06,519 INFO Starting honeytoken generation server HTTP daemon 0.0.0.0:8087
2026-03-29 00:52:06,519 INFO kerbsniff: Looking for TRIPWYRE.COM\BackupAdministrator on ens160
2026-03-29 00:52:06,520 DEBUG Using selector: EpollSelector
2026-03-29 00:54:07,661 INFO kerb-as-req for domain user TRIPWYRE.COM\BackupAdministrator
2026-03-29 00:54:07,662 CRITICAL Honeytoken Kerberos authentication observed for TRIPWYRE.COM\BackupAdministrator
2026-03-29 00:54:09,017 INFO Server configured as master node
2026-03-29 00:54:09,017 INFO Starting DCEPT...
2026-03-29 00:54:09,017 INFO Database contains 4 generated passwords
2026-03-29 00:54:09,018 INFO Starting honeytoken generation server HTTP daemon 0.0.0.0:8087
2026-03-29 00:54:09,018 INFO kerbsniff: Looking for TRIPWYRE.COM\BackupAdministrator on ens160
2026-03-29 00:54:09,018 DEBUG Using selector: EpollSelector
2026-03-29 00:54:56,112 INFO kerb-as-req for domain user TRIPWYRE.COM\BackupAdministrator
2026-03-29 00:54:56,114 CRITICAL Honeytoken Kerberos authentication observed for TRIPWYRE.COM\BackupAdministrator
2026-03-29 00:54:57,498 INFO Server configured as master node
2026-03-29 00:54:57,498 INFO Starting DCEPT...
2026-03-29 00:54:57,499 INFO Database contains 4 generated passwords
2026-03-29 00:54:57,499 INFO Starting honeytoken generation server HTTP daemon 0.0.0.0:8087
2026-03-29 00:54:57,500 INFO kerbsniff: Looking for TRIPWYRE.COM\BackupAdministrator on ens160
2026-03-29 00:54:57,500 DEBUG Using selector: EpollSelector
2026-03-29 00:57:23,283 INFO kerb-as-req for domain user TRIPWYRE.COM\BackupAdministrator
2026-03-29 00:57:23,285 CRITICAL Honeytoken Kerberos authentication observed for TRIPWYRE.COM\BackupAdministrator
2026-03-29 00:57:24,709 INFO Server configured as master node
2026-03-29 00:57:24,709 INFO Starting DCEPT...
2026-03-29 00:57:24,709 INFO Database contains 4 generated passwords
2026-03-29 00:57:24,710 INFO Starting honeytoken generation server HTTP daemon 0.0.0.0:8087
2026-03-29 00:57:24,711 INFO kerbsniff: Looking for TRIPWYRE.COM\BackupAdministrator on ens160
2026-03-29 00:57:24,711 DEBUG Using selector: EpollSelector
2026-03-29 00:57:48,939 INFO kerb-as-req for domain user TRIPWYRE.COM\BackupAdministrator
2026-03-29 00:57:48,939 CRITICAL Honeytoken Kerberos authentication observed for TRIPWYRE.COM\BackupAdministrator
2026-03-29 00:57:50,269 INFO Server configured as master node
2026-03-29 00:57:50,269 INFO Starting DCEPT...
2026-03-29 00:57:50,269 INFO Database contains 4 generated passwords
2026-03-29 00:57:50,270 INFO Starting honeytoken generation server HTTP daemon 0.0.0.0:8087
2026-03-29 00:57:50,270 INFO kerbsniff: Looking for TRIPWYRE.COM\BackupAdministrator on ens160
2026-03-29 00:57:50,270 DEBUG Using selector: EpollSelector
2026-03-29 01:50:13,676 INFO kerb-as-req for domain user TRIPWYRE.COM\Administrator
2026-03-29 01:50:13,676 DEBUG Ignoring kerb-as-req for 'TRIPWYRE.COM\Administrator'
2026-03-29 01:50:13,679 DEBUG Ignoring kerberos packet - Not kerb-as-req
2026-03-29 01:50:13,691 INFO kerb-as-req for domain user TRIPWYRE.COM\Administrator
2026-03-29 01:50:13,691 DEBUG Ignoring kerb-as-req for 'TRIPWYRE.COM\Administrator'
2026-03-29 01:50:13,697 DEBUG Ignoring kerberos packet - Not kerb-as-req
2026-03-29 01:50:13,714 DEBUG Ignoring kerberos packet - Not kerb-as-req
2026-03-29 01:50:13,719 DEBUG Ignoring kerberos packet - Not kerb-as-req
2026-03-29 02:41:16,586 INFO kerb-as-req for domain user TRIPWYRE.COM\DESKTOP-KEKFC2R$
2026-03-29 02:41:16,587 DEBUG Ignoring kerb-as-req for 'TRIPWYRE.COM\DESKTOP-KEKFC2R$'
2026-03-29 02:41:16,591 DEBUG Ignoring kerberos packet - Not kerb-as-req
2026-03-29 02:41:16,607 INFO kerb-as-req for domain user TRIPWYRE.COM\DESKTOP-KEKFC2R$
2026-03-29 02:41:16,607 DEBUG Ignoring kerb-as-req for 'TRIPWYRE.COM\DESKTOP-KEKFC2R$'
2026-03-29 02:41:16,609 DEBUG Ignoring kerberos packet - Not kerb-as-req
2026-03-29 02:41:16,625 DEBUG Ignoring kerberos packet - Not kerb-as-req
2026-03-29 02:41:16,631 DEBUG Ignoring kerberos packet - Not kerb-as-req
2026-03-29 04:11:06,669 DEBUG Ignoring kerberos packet - Not kerb-as-req
2026-03-29 04:11:06,674 DEBUG Ignoring kerberos packet - Not kerb-as-req
2026-03-29 04:11:06,688 DEBUG Ignoring kerberos packet - Not kerb-as-req
2026-03-29 04:11:06,695 DEBUG Ignoring kerberos packet - Not kerb-as-req
2026-03-29 04:26:05,037 DEBUG Ignoring kerberos packet - Not kerb-as-req
2026-03-29 04:26:05,043 DEBUG Ignoring kerberos packet - Not kerb-as-req
2026-03-29 04:26:06,827 DEBUG Ignoring kerberos packet - Not kerb-as-req
2026-03-29 04:26:06,833 DEBUG Ignoring kerberos packet - Not kerb-as-req
2026-03-29 04:26:22,956 DEBUG Ignoring kerberos packet - Not kerb-as-req
2026-03-29 04:26:22,963 DEBUG Ignoring kerberos packet - Not kerb-as-req
2026-03-29 05:59:09,582 DEBUG Ignoring kerberos packet - Not kerb-as-req
2026-03-29 05:59:09,589 DEBUG Ignoring kerberos packet - Not kerb-as-req
2026-03-29 05:59:10,093 DEBUG Ignoring kerberos packet - Not kerb-as-req
2026-03-29 05:59:10,101 DEBUG Ignoring kerberos packet - Not kerb-as-req
2026-03-29 05:59:10,122 DEBUG Ignoring kerberos packet - Not kerb-as-req
2026-03-29 05:59:10,130 DEBUG Ignoring kerberos packet - Not kerb-as-req
2026-03-29 10:41:16,301 INFO kerb-as-req for domain user TRIPWYRE.COM\DESKTOP-KEKFC2R$
2026-03-29 10:41:16,302 DEBUG Ignoring kerb-as-req for 'TRIPWYRE.COM\DESKTOP-KEKFC2R$'
2026-03-29 10:41:16,307 DEBUG Ignoring kerberos packet - Not kerb-as-req
2026-03-29 10:41:16,321 INFO kerb-as-req for domain user TRIPWYRE.COM\DESKTOP-KEKFC2R$
2026-03-29 10:41:16,321 DEBUG Ignoring kerb-as-req for 'TRIPWYRE.COM\DESKTOP-KEKFC2R$'
2026-03-29 10:41:16,325 DEBUG Ignoring kerberos packet - Not kerb-as-req
2026-03-29 10:41:16,342 DEBUG Ignoring kerberos packet - Not kerb-as-req
2026-03-29 10:41:16,348 DEBUG Ignoring kerberos packet - Not kerb-as-req
2026-03-29 11:35:13,675 DEBUG Ignoring kerberos packet - Not kerb-as-req
2026-03-29 11:35:13,680 DEBUG Ignoring kerberos packet - Not kerb-as-req
2026-03-29 11:42:42,992 DEBUG Ignoring kerberos packet - Not kerb-as-req
2026-03-29 11:42:42,998 DEBUG Ignoring kerberos packet - Not kerb-as-req
2026-03-29 13:41:07,249 DEBUG Ignoring kerberos packet - Not kerb-as-req
2026-03-29 13:41:07,256 DEBUG Ignoring kerberos packet - Not kerb-as-req
2026-03-29 13:41:07,274 DEBUG Ignoring kerberos packet - Not kerb-as-req
2026-03-29 13:41:07,280 DEBUG Ignoring kerberos packet - Not kerb-as-req
2026-03-29 13:56:07,247 DEBUG Ignoring kerberos packet - Not kerb-as-req
2026-03-29 13:56:07,256 DEBUG Ignoring kerberos packet - Not kerb-as-req
2026-03-29 14:11:04,530 DEBUG Ignoring kerberos packet - Not kerb-as-req
2026-03-29 14:11:04,538 DEBUG Ignoring kerberos packet - Not kerb-as-req
2026-03-29 14:19:13,616 DEBUG Ignoring kerberos packet - Not kerb-as-req
2026-03-29 14:19:13,622 DEBUG Ignoring kerberos packet - Not kerb-as-req
2026-03-29 15:24:09,942 DEBUG Ignoring kerberos packet - Not kerb-as-req
2026-03-29 15:24:09,947 DEBUG Ignoring kerberos packet - Not kerb-as-req
2026-03-29 15:24:10,450 DEBUG Ignoring kerberos packet - Not kerb-as-req
2026-03-29 15:24:10,457 DEBUG Ignoring kerberos packet - Not kerb-as-req
2026-03-29 15:24:10,482 DEBUG Ignoring kerberos packet - Not kerb-as-req
2026-03-29 15:24:10,490 DEBUG Ignoring kerberos packet - Not kerb-as-req
2026-03-29 18:41:16,292 INFO kerb-as-req for domain user TRIPWYRE.COM\DESKTOP-KEKFC2R$
2026-03-29 18:41:16,292 DEBUG Ignoring kerb-as-req for 'TRIPWYRE.COM\DESKTOP-KEKFC2R$'
2026-03-29 18:41:16,297 DEBUG Ignoring kerberos packet - Not kerb-as-req
2026-03-29 18:41:16,312 INFO kerb-as-req for domain user TRIPWYRE.COM\DESKTOP-KEKFC2R$
2026-03-29 18:41:16,312 DEBUG Ignoring kerb-as-req for 'TRIPWYRE.COM\DESKTOP-KEKFC2R$'
2026-03-29 18:41:16,318 DEBUG Ignoring kerberos packet - Not kerb-as-req
2026-03-29 18:41:16,338 DEBUG Ignoring kerberos packet - Not kerb-as-req
2026-03-29 18:41:16,344 DEBUG Ignoring kerberos packet - Not kerb-as-req
2026-03-29 18:41:16,351 DEBUG Ignoring kerberos packet - Not kerb-as-req
2026-03-29 21:20:13,554 DEBUG Ignoring kerberos packet - Not kerb-as-req
2026-03-29 21:20:13,561 DEBUG Ignoring kerberos packet - Not kerb-as-req
2026-03-29 21:27:13,004 DEBUG Ignoring kerberos packet - Not kerb-as-req
2026-03-29 21:27:13,008 DEBUG Ignoring kerberos packet - Not kerb-as-req
2026-03-29 21:41:10,161 DEBUG Ignoring kerberos packet - Not kerb-as-req
2026-03-29 21:41:10,168 DEBUG Ignoring kerberos packet - Not kerb-as-req
2026-03-29 21:41:10,187 DEBUG Ignoring kerberos packet - Not kerb-as-req
2026-03-29 21:41:10,195 DEBUG Ignoring kerberos packet - Not kerb-as-req
2026-03-29 22:33:06,412 INFO kerb-as-req for domain user TRIPWYRE\Administrator
2026-03-29 22:33:06,413 DEBUG Ignoring kerb-as-req for 'TRIPWYRE\Administrator'
2026-03-29 22:33:06,418 DEBUG Ignoring kerberos packet - Not kerb-as-req
2026-03-29 22:33:06,435 INFO kerb-as-req for domain user TRIPWYRE\Administrator
2026-03-29 22:33:06,436 DEBUG Ignoring kerb-as-req for 'TRIPWYRE\Administrator'
2026-03-29 22:33:06,441 DEBUG Ignoring kerberos packet - Not kerb-as-req
2026-03-29 22:33:06,464 DEBUG Ignoring kerberos packet - Not kerb-as-req
2026-03-29 22:33:06,475 DEBUG Ignoring kerberos packet - Not kerb-as-req
2026-03-29 22:35:28,435 DEBUG Ignoring kerberos packet - Not kerb-as-req
2026-03-29 22:35:28,443 DEBUG Ignoring kerberos packet - Not kerb-as-req
2026-03-29 22:35:28,468 DEBUG Ignoring kerberos packet - Not kerb-as-req
2026-03-29 22:35:28,476 DEBUG Ignoring kerberos packet - Not kerb-as-req
2026-03-29 22:35:51,760 INFO kerb-as-req for domain user TRIPWYRE.COM\desktop-kekfc2r$
2026-03-29 22:35:51,760 DEBUG Ignoring kerb-as-req for 'TRIPWYRE.COM\desktop-kekfc2r$'
2026-03-29 22:35:51,764 DEBUG Ignoring kerberos packet - Not kerb-as-req
2026-03-29 22:35:51,783 INFO kerb-as-req for domain user TRIPWYRE.COM\desktop-kekfc2r$
2026-03-29 22:35:51,784 DEBUG Ignoring kerb-as-req for 'TRIPWYRE.COM\desktop-kekfc2r$'
2026-03-29 22:35:51,788 DEBUG Ignoring kerberos packet - Not kerb-as-req
2026-03-29 22:35:51,808 DEBUG Ignoring kerberos packet - Not kerb-as-req
2026-03-29 22:35:51,816 DEBUG Ignoring kerberos packet - Not kerb-as-req
2026-03-29 22:35:51,841 INFO kerb-as-req for domain user tripwyre.com\desktop-kekfc2r$
2026-03-29 22:35:51,841 DEBUG Ignoring kerb-as-req for 'tripwyre.com\desktop-kekfc2r$'
2026-03-29 22:35:51,844 INFO kerb-as-req for domain user tripwyre.com\desktop-kekfc2r$
2026-03-29 22:35:51,845 DEBUG Ignoring kerb-as-req for 'tripwyre.com\desktop-kekfc2r$'
2026-03-29 22:35:51,849 DEBUG Ignoring kerberos packet - Not kerb-as-req
2026-03-29 22:35:51,851 DEBUG Ignoring kerberos packet - Not kerb-as-req
2026-03-29 22:35:51,855 DEBUG Ignoring kerberos packet - Not kerb-as-req
2026-03-29 22:35:51,981 DEBUG Ignoring kerberos packet - Not kerb-as-req
2026-03-29 22:35:52,003 INFO kerb-as-req for domain user tripwyre.com\desktop-kekfc2r$
2026-03-29 22:35:52,003 DEBUG Ignoring kerb-as-req for 'tripwyre.com\desktop-kekfc2r$'
2026-03-29 22:35:52,009 DEBUG Ignoring kerberos packet - Not kerb-as-req
2026-03-29 22:35:52,032 INFO kerb-as-req for domain user tripwyre.com\desktop-kekfc2r$
2026-03-29 22:35:52,032 DEBUG Ignoring kerb-as-req for 'tripwyre.com\desktop-kekfc2r$'
2026-03-29 22:35:52,037 DEBUG Ignoring kerberos packet - Not kerb-as-req
2026-03-29 22:35:52,060 DEBUG Ignoring kerberos packet - Not kerb-as-req
2026-03-29 22:35:52,067 DEBUG Ignoring kerberos packet - Not kerb-as-req
2026-03-29 22:35:52,087 DEBUG Ignoring kerberos packet - Not kerb-as-req
2026-03-29 22:35:52,100 DEBUG Ignoring kerberos packet - Not kerb-as-req
2026-03-29 22:35:52,105 DEBUG Ignoring kerberos packet - Not kerb-as-req
2026-03-29 22:35:52,123 DEBUG Ignoring kerberos packet - Not kerb-as-req
2026-03-29 22:35:52,144 DEBUG Ignoring kerberos packet - Not kerb-as-req
2026-03-29 22:35:52,150 DEBUG Ignoring kerberos packet - Not kerb-as-req
2026-03-29 22:35:53,071 DEBUG Ignoring kerberos packet - Not kerb-as-req
2026-03-29 22:35:53,079 DEBUG Ignoring kerberos packet - Not kerb-as-req
2026-03-29 22:35:53,333 DEBUG Ignoring kerberos packet - Not kerb-as-req
2026-03-29 22:35:53,339 DEBUG Ignoring kerberos packet - Not kerb-as-req
2026-03-29 22:35:53,358 DEBUG Ignoring kerberos packet - Not kerb-as-req
2026-03-29 22:35:53,365 DEBUG Ignoring kerberos packet - Not kerb-as-req
2026-03-29 22:35:53,366 DEBUG Ignoring kerberos packet - Not kerb-as-req
2026-03-29 22:36:00,789 INFO kerb-as-req for domain user TRIPWYRE\Administrator
2026-03-29 22:36:00,790 DEBUG Ignoring kerb-as-req for 'TRIPWYRE\Administrator'
2026-03-29 22:36:00,797 DEBUG Ignoring kerberos packet - Not kerb-as-req
2026-03-29 22:36:00,819 INFO kerb-as-req for domain user TRIPWYRE\Administrator
2026-03-29 22:36:00,819 DEBUG Ignoring kerb-as-req for 'TRIPWYRE\Administrator'
2026-03-29 22:36:00,825 DEBUG Ignoring kerberos packet - Not kerb-as-req
2026-03-29 22:36:00,852 DEBUG Ignoring kerberos packet - Not kerb-as-req
2026-03-29 22:36:00,862 DEBUG Ignoring kerberos packet - Not kerb-as-req
2026-03-29 22:36:01,043 DEBUG Ignoring kerberos packet - Not kerb-as-req
2026-03-29 22:36:01,051 DEBUG Ignoring kerberos packet - Not kerb-as-req
2026-03-29 22:36:01,074 DEBUG Ignoring kerberos packet - Not kerb-as-req
2026-03-29 22:36:01,081 DEBUG Ignoring kerberos packet - Not kerb-as-req
2026-03-29 22:36:01,083 DEBUG Ignoring kerberos packet - Not kerb-as-req
2026-03-29 22:36:01,104 DEBUG Ignoring kerberos packet - Not kerb-as-req
2026-03-29 22:36:01,107 DEBUG Ignoring kerberos packet - Not kerb-as-req
2026-03-29 22:36:01,113 DEBUG Ignoring kerberos packet - Not kerb-as-req
2026-03-29 22:36:03,089 INFO kerb-as-req for domain user TRIPWYRE.COM\DESKTOP-KEKFC2R$
2026-03-29 22:36:03,089 DEBUG Ignoring kerb-as-req for 'TRIPWYRE.COM\DESKTOP-KEKFC2R$'
2026-03-29 22:36:03,097 DEBUG Ignoring kerberos packet - Not kerb-as-req
2026-03-29 22:36:03,116 INFO kerb-as-req for domain user TRIPWYRE.COM\DESKTOP-KEKFC2R$
2026-03-29 22:36:03,117 DEBUG Ignoring kerb-as-req for 'TRIPWYRE.COM\DESKTOP-KEKFC2R$'
2026-03-29 22:36:03,125 DEBUG Ignoring kerberos packet - Not kerb-as-req
2026-03-29 22:36:03,145 DEBUG Ignoring kerberos packet - Not kerb-as-req
2026-03-29 22:36:03,151 DEBUG Ignoring kerberos packet - Not kerb-as-req
2026-03-29 23:06:01,707 INFO kerb-as-req for domain user TRIPWYRE.COM\Administrator
2026-03-29 23:06:01,707 DEBUG Ignoring kerb-as-req for 'TRIPWYRE.COM\Administrator'
2026-03-29 23:06:01,711 DEBUG Ignoring kerberos packet - Not kerb-as-req
2026-03-29 23:06:01,724 INFO kerb-as-req for domain user TRIPWYRE.COM\Administrator
2026-03-29 23:06:01,724 DEBUG Ignoring kerb-as-req for 'TRIPWYRE.COM\Administrator'
2026-03-29 23:06:01,729 DEBUG Ignoring kerberos packet - Not kerb-as-req
2026-03-29 23:06:01,746 DEBUG Ignoring kerberos packet - Not kerb-as-req
2026-03-29 23:06:01,752 DEBUG Ignoring kerberos packet - Not kerb-as-req
2026-03-29 23:06:01,768 INFO kerb-as-req for domain user TRIPWYRE.COM\Administrator
2026-03-29 23:06:01,768 DEBUG Ignoring kerb-as-req for 'TRIPWYRE.COM\Administrator'
2026-03-29 23:06:01,771 DEBUG Ignoring kerberos packet - Not kerb-as-req
2026-03-29 23:06:01,784 INFO kerb-as-req for domain user TRIPWYRE.COM\Administrator
2026-03-29 23:06:01,784 DEBUG Ignoring kerb-as-req for 'TRIPWYRE.COM\Administrator'
2026-03-29 23:06:01,789 DEBUG Ignoring kerberos packet - Not kerb-as-req
2026-03-29 23:06:01,805 DEBUG Ignoring kerberos packet - Not kerb-as-req
2026-03-29 23:06:01,811 DEBUG Ignoring kerberos packet - Not kerb-as-req
2026-03-29 23:09:06,922 INFO kerb-as-req for domain user TRIPWYRE\Administrator
2026-03-29 23:09:06,923 DEBUG Ignoring kerb-as-req for 'TRIPWYRE\Administrator'
2026-03-29 23:09:06,927 DEBUG Ignoring kerberos packet - Not kerb-as-req
2026-03-29 23:09:06,940 INFO kerb-as-req for domain user TRIPWYRE\Administrator
2026-03-29 23:09:06,940 DEBUG Ignoring kerb-as-req for 'TRIPWYRE\Administrator'
2026-03-29 23:09:06,943 DEBUG Ignoring kerberos packet - Not kerb-as-req
2026-03-29 23:09:10,249 INFO kerb-as-req for domain user TRIPWYRE\Administrator
2026-03-29 23:09:10,250 DEBUG Ignoring kerb-as-req for 'TRIPWYRE\Administrator'
2026-03-29 23:09:10,254 DEBUG Ignoring kerberos packet - Not kerb-as-req
2026-03-29 23:09:10,265 INFO kerb-as-req for domain user TRIPWYRE\Administrator
2026-03-29 23:09:10,265 DEBUG Ignoring kerb-as-req for 'TRIPWYRE\Administrator'
2026-03-29 23:09:10,268 DEBUG Ignoring kerberos packet - Not kerb-as-req
2026-03-29 23:09:15,887 INFO kerb-as-req for domain user TRIPWYRE\Administrator
2026-03-29 23:09:15,887 DEBUG Ignoring kerb-as-req for 'TRIPWYRE\Administrator'
2026-03-29 23:09:15,890 DEBUG Ignoring kerberos packet - Not kerb-as-req
2026-03-29 23:09:15,903 INFO kerb-as-req for domain user TRIPWYRE\Administrator
2026-03-29 23:09:15,903 DEBUG Ignoring kerb-as-req for 'TRIPWYRE\Administrator'
2026-03-29 23:09:15,906 DEBUG Ignoring kerberos packet - Not kerb-as-req
2026-03-29 23:09:15,921 DEBUG Ignoring kerberos packet - Not kerb-as-req
2026-03-29 23:09:15,925 DEBUG Ignoring kerberos packet - Not kerb-as-req
2026-03-29 23:11:18,795 INFO kerb-as-req for domain user TRIPWYRE.COM\BackupAdministrator
2026-03-29 23:11:18,795 CRITICAL Honeytoken Kerberos authentication observed for TRIPWYRE.COM\BackupAdministrator
2026-03-29 23:11:20,518 INFO Server configured as master node
2026-03-29 23:11:20,519 INFO Starting DCEPT...
2026-03-29 23:11:20,519 INFO Database contains 5 generated passwords
2026-03-29 23:11:20,520 INFO Starting honeytoken generation server HTTP daemon 0.0.0.0:8087
2026-03-29 23:11:20,521 INFO kerbsniff: Looking for TRIPWYRE.COM\BackupAdministrator on ens160
2026-03-29 23:11:20,521 DEBUG Using selector: EpollSelector
2026-03-29 23:13:23,180 DEBUG Ignoring kerberos packet - Not kerb-as-req
2026-03-29 23:13:23,186 DEBUG Ignoring kerberos packet - Not kerb-as-req
2026-03-29 23:36:54,784 INFO kerb-as-req for domain user TRIPWYRE.COM\Administrator
2026-03-29 23:36:54,807 DEBUG Ignoring kerb-as-req for 'TRIPWYRE.COM\Administrator'
2026-03-29 23:36:54,898 DEBUG Ignoring kerberos packet - Not kerb-as-req
2026-03-29 23:36:54,912 INFO kerb-as-req for domain user TRIPWYRE.COM\Administrator
2026-03-29 23:36:54,912 DEBUG Ignoring kerb-as-req for 'TRIPWYRE.COM\Administrator'
2026-03-29 23:36:54,915 DEBUG Ignoring kerberos packet - Not kerb-as-req
2026-03-29 23:36:54,933 DEBUG Ignoring kerberos packet - Not kerb-as-req
2026-03-29 23:36:54,940 DEBUG Ignoring kerberos packet - Not kerb-as-req
2026-03-29 23:39:23,598 INFO kerb-as-req for domain user TRIPWYRE.COM\BackupAdministrator
2026-03-29 23:39:23,598 CRITICAL Honeytoken Kerberos authentication observed for TRIPWYRE.COM\BackupAdministrator
2026-03-29 23:39:26,331 INFO Server configured as master node
2026-03-29 23:39:26,331 INFO Starting DCEPT...
2026-03-29 23:39:26,332 INFO Database contains 6 generated passwords
2026-03-29 23:39:26,333 INFO Starting honeytoken generation server HTTP daemon 0.0.0.0:8087
2026-03-29 23:39:26,333 INFO kerbsniff: Looking for TRIPWYRE.COM\BackupAdministrator on ens160
2026-03-29 23:39:26,333 DEBUG Using selector: EpollSelector
2026-03-29 23:41:19,404 INFO kerb-as-req for domain user TRIPWYRE.COM\BackupAdministrator
2026-03-29 23:41:19,404 CRITICAL Honeytoken Kerberos authentication observed for TRIPWYRE.COM\BackupAdministrator
2026-03-29 23:41:20,716 INFO Server configured as master node
2026-03-29 23:41:20,716 INFO Starting DCEPT...
2026-03-29 23:41:20,717 INFO Database contains 7 generated passwords
2026-03-29 23:41:20,717 INFO Starting honeytoken generation server HTTP daemon 0.0.0.0:8087
2026-03-29 23:41:20,718 INFO kerbsniff: Looking for TRIPWYRE.COM\BackupAdministrator on ens160
2026-03-29 23:41:20,718 DEBUG Using selector: EpollSelector
2026-03-30 06:36:01,728 INFO kerb-as-req for domain user TRIPWYRE.COM\DESKTOP-KEKFC2R$
2026-03-30 06:36:01,734 DEBUG Ignoring kerb-as-req for 'TRIPWYRE.COM\DESKTOP-KEKFC2R$'
2026-03-30 06:36:01,743 DEBUG Ignoring kerberos packet - Not kerb-as-req
2026-03-30 06:36:01,745 DEBUG Ignoring kerberos packet - Not kerb-as-req
2026-03-30 06:36:01,755 INFO kerb-as-req for domain user TRIPWYRE.COM\DESKTOP-KEKFC2R$
2026-03-30 06:36:01,756 DEBUG Ignoring kerb-as-req for 'TRIPWYRE.COM\DESKTOP-KEKFC2R$'
2026-03-30 06:36:01,773 DEBUG Ignoring kerberos packet - Not kerb-as-req
2026-03-30 06:36:01,794 DEBUG Ignoring kerberos packet - Not kerb-as-req
2026-03-30 06:36:01,801 DEBUG Ignoring kerberos packet - Not kerb-as-req
2026-03-30 08:05:52,596 DEBUG Ignoring kerberos packet - Not kerb-as-req
2026-03-30 08:05:52,603 DEBUG Ignoring kerberos packet - Not kerb-as-req
2026-03-30 08:05:52,623 DEBUG Ignoring kerberos packet - Not kerb-as-req
2026-03-30 08:05:52,629 DEBUG Ignoring kerberos packet - Not kerb-as-req
2026-03-30 08:15:55,373 DEBUG Ignoring kerberos packet - Not kerb-as-req
2026-03-30 08:15:55,383 DEBUG Ignoring kerberos packet - Not kerb-as-req
2026-03-30 08:15:55,400 DEBUG Ignoring kerberos packet - Not kerb-as-req
2026-03-30 08:15:55,407 DEBUG Ignoring kerberos packet - Not kerb-as-req
2026-03-30 08:20:52,719 DEBUG Ignoring kerberos packet - Not kerb-as-req
2026-03-30 08:20:52,727 DEBUG Ignoring kerberos packet - Not kerb-as-req
2026-03-30 08:35:54,067 DEBUG Ignoring kerberos packet - Not kerb-as-req
2026-03-30 08:35:54,075 DEBUG Ignoring kerberos packet - Not kerb-as-req
2026-03-30 09:21:53,715 DEBUG Ignoring kerberos packet - Not kerb-as-req
2026-03-30 09:21:53,722 DEBUG Ignoring kerberos packet - Not kerb-as-req
2026-03-30 09:41:02,036 DEBUG Ignoring kerberos packet - Not kerb-as-req
2026-03-30 09:41:02,043 DEBUG Ignoring kerberos packet - Not kerb-as-req
2026-03-30 10:11:55,698 DEBUG Ignoring kerberos packet - Not kerb-as-req
2026-03-30 10:11:55,704 DEBUG Ignoring kerberos packet - Not kerb-as-req
2026-03-30 10:11:55,986 DEBUG Ignoring kerberos packet - Not kerb-as-req
2026-03-30 10:11:55,994 DEBUG Ignoring kerberos packet - Not kerb-as-req
2026-03-30 14:36:01,666 INFO kerb-as-req for domain user TRIPWYRE.COM\DESKTOP-KEKFC2R$
2026-03-30 14:36:01,669 DEBUG Ignoring kerb-as-req for 'TRIPWYRE.COM\DESKTOP-KEKFC2R$'
2026-03-30 14:36:01,678 DEBUG Ignoring kerberos packet - Not kerb-as-req
2026-03-30 14:36:01,698 INFO kerb-as-req for domain user TRIPWYRE.COM\DESKTOP-KEKFC2R$
2026-03-30 14:36:01,699 DEBUG Ignoring kerb-as-req for 'TRIPWYRE.COM\DESKTOP-KEKFC2R$'
2026-03-30 14:36:01,702 DEBUG Ignoring kerberos packet - Not kerb-as-req
2026-03-30 14:36:01,730 DEBUG Ignoring kerberos packet - Not kerb-as-req
2026-03-30 14:36:01,742 DEBUG Ignoring kerberos packet - Not kerb-as-req
2026-03-30 14:36:01,744 DEBUG Ignoring kerberos packet - Not kerb-as-req
2026-03-30 17:35:53,234 DEBUG Ignoring kerberos packet - Not kerb-as-req
2026-03-30 17:35:53,244 DEBUG Ignoring kerberos packet - Not kerb-as-req
2026-03-30 17:35:53,266 DEBUG Ignoring kerberos packet - Not kerb-as-req
2026-03-30 17:35:53,273 DEBUG Ignoring kerberos packet - Not kerb-as-req
2026-03-30 17:50:53,102 DEBUG Ignoring kerberos packet - Not kerb-as-req
2026-03-30 17:50:53,109 DEBUG Ignoring kerberos packet - Not kerb-as-req
2026-03-30 17:55:55,319 DEBUG Ignoring kerberos packet - Not kerb-as-req
2026-03-30 17:55:55,324 DEBUG Ignoring kerberos packet - Not kerb-as-req
2026-03-30 17:55:55,326 DEBUG Ignoring kerberos packet - Not kerb-as-req
2026-03-30 17:55:55,346 DEBUG Ignoring kerberos packet - Not kerb-as-req
2026-03-30 17:55:55,353 DEBUG Ignoring kerberos packet - Not kerb-as-req
2026-03-30 18:27:22,199 DEBUG Ignoring kerberos packet - Not kerb-as-req
2026-03-30 18:27:22,208 DEBUG Ignoring kerberos packet - Not kerb-as-req
2026-03-30 19:06:52,529 DEBUG Ignoring kerberos packet - Not kerb-as-req
2026-03-30 19:06:52,538 DEBUG Ignoring kerberos packet - Not kerb-as-req
2026-03-30 19:11:01,777 DEBUG Ignoring kerberos packet - Not kerb-as-req
2026-03-30 19:11:01,797 DEBUG Ignoring kerberos packet - Not kerb-as-req
2026-03-30 19:11:01,799 DEBUG Ignoring kerberos packet - Not kerb-as-req
2026-03-30 19:51:54,672 DEBUG Ignoring kerberos packet - Not kerb-as-req
2026-03-30 19:51:54,679 DEBUG Ignoring kerberos packet - Not kerb-as-req
2026-03-30 19:51:55,219 DEBUG Ignoring kerberos packet - Not kerb-as-req
2026-03-30 19:51:55,226 DEBUG Ignoring kerberos packet - Not kerb-as-req
2026-03-30 22:36:01,526 INFO kerb-as-req for domain user TRIPWYRE.COM\DESKTOP-KEKFC2R$
2026-03-30 22:36:01,528 DEBUG Ignoring kerb-as-req for 'TRIPWYRE.COM\DESKTOP-KEKFC2R$'
2026-03-30 22:36:01,535 DEBUG Ignoring kerberos packet - Not kerb-as-req
2026-03-30 22:36:01,552 INFO kerb-as-req for domain user TRIPWYRE.COM\DESKTOP-KEKFC2R$
2026-03-30 22:36:01,553 DEBUG Ignoring kerb-as-req for 'TRIPWYRE.COM\DESKTOP-KEKFC2R$'
2026-03-30 22:36:01,556 DEBUG Ignoring kerberos packet - Not kerb-as-req
2026-03-30 22:36:01,575 DEBUG Ignoring kerberos packet - Not kerb-as-req
2026-03-30 22:36:01,581 DEBUG Ignoring kerberos packet - Not kerb-as-req
2026-03-31 03:05:53,718 DEBUG Ignoring kerberos packet - Not kerb-as-req
2026-03-31 03:05:53,726 DEBUG Ignoring kerberos packet - Not kerb-as-req
2026-03-31 03:05:53,747 DEBUG Ignoring kerberos packet - Not kerb-as-req
2026-03-31 03:05:53,752 DEBUG Ignoring kerberos packet - Not kerb-as-req
2026-03-31 03:05:53,757 DEBUG Ignoring kerberos packet - Not kerb-as-req
2026-03-31 03:20:53,745 DEBUG Ignoring kerberos packet - Not kerb-as-req
2026-03-31 03:20:53,750 DEBUG Ignoring kerberos packet - Not kerb-as-req
2026-03-31 03:35:54,676 DEBUG Ignoring kerberos packet - Not kerb-as-req
2026-03-31 03:35:54,683 DEBUG Ignoring kerberos packet - Not kerb-as-req
2026-03-31 03:35:54,702 DEBUG Ignoring kerberos packet - Not kerb-as-req
2026-03-31 03:35:54,709 DEBUG Ignoring kerberos packet - Not kerb-as-req
2026-03-31 04:35:55,889 DEBUG Ignoring kerberos packet - Not kerb-as-req
2026-03-31 04:35:55,895 DEBUG Ignoring kerberos packet - Not kerb-as-req
2026-03-31 04:51:52,431 DEBUG Ignoring kerberos packet - Not kerb-as-req
2026-03-31 04:51:52,438 DEBUG Ignoring kerberos packet - Not kerb-as-req
2026-03-31 05:24:52,269 DEBUG Ignoring kerberos packet - Not kerb-as-req
2026-03-31 05:24:52,274 DEBUG Ignoring kerberos packet - Not kerb-as-req
2026-03-31 05:31:54,060 DEBUG Ignoring kerberos packet - Not kerb-as-req
2026-03-31 05:31:54,066 DEBUG Ignoring kerberos packet - Not kerb-as-req
2026-03-31 05:31:54,577 DEBUG Ignoring kerberos packet - Not kerb-as-req
2026-03-31 05:31:54,584 DEBUG Ignoring kerberos packet - Not kerb-as-req
2026-03-31 06:36:01,291 INFO kerb-as-req for domain user TRIPWYRE.COM\DESKTOP-KEKFC2R$
2026-03-31 06:36:01,292 DEBUG Ignoring kerb-as-req for 'TRIPWYRE.COM\DESKTOP-KEKFC2R$'
2026-03-31 06:36:01,295 DEBUG Ignoring kerberos packet - Not kerb-as-req
2026-03-31 06:36:01,308 INFO kerb-as-req for domain user TRIPWYRE.COM\DESKTOP-KEKFC2R$
2026-03-31 06:36:01,308 DEBUG Ignoring kerb-as-req for 'TRIPWYRE.COM\DESKTOP-KEKFC2R$'
2026-03-31 06:36:01,312 DEBUG Ignoring kerberos packet - Not kerb-as-req
2026-03-31 06:36:01,328 DEBUG Ignoring kerberos packet - Not kerb-as-req
2026-03-31 06:36:01,335 DEBUG Ignoring kerberos packet - Not kerb-as-req
2026-03-31 12:35:54,187 DEBUG Ignoring kerberos packet - Not kerb-as-req
2026-03-31 12:35:54,198 DEBUG Ignoring kerberos packet - Not kerb-as-req
2026-03-31 12:35:54,215 DEBUG Ignoring kerberos packet - Not kerb-as-req
2026-03-31 12:35:54,386 DEBUG Ignoring kerberos packet - Not kerb-as-req
2026-03-31 12:50:54,001 DEBUG Ignoring kerberos packet - Not kerb-as-req
2026-03-31 12:50:54,007 DEBUG Ignoring kerberos packet - Not kerb-as-req
2026-03-31 13:15:54,988 DEBUG Ignoring kerberos packet - Not kerb-as-req
2026-03-31 13:15:54,993 DEBUG Ignoring kerberos packet - Not kerb-as-req
2026-03-31 13:15:55,011 DEBUG Ignoring kerberos packet - Not kerb-as-req
2026-03-31 13:15:55,017 DEBUG Ignoring kerberos packet - Not kerb-as-req
2026-03-31 13:35:56,049 DEBUG Ignoring kerberos packet - Not kerb-as-req
2026-03-31 13:35:56,054 DEBUG Ignoring kerberos packet - Not kerb-as-req
2026-03-31 14:36:01,201 INFO kerb-as-req for domain user TRIPWYRE.COM\DESKTOP-KEKFC2R$
2026-03-31 14:36:01,201 DEBUG Ignoring kerb-as-req for 'TRIPWYRE.COM\DESKTOP-KEKFC2R$'
2026-03-31 14:36:01,205 DEBUG Ignoring kerberos packet - Not kerb-as-req
2026-03-31 14:36:01,488 INFO kerb-as-req for domain user TRIPWYRE.COM\DESKTOP-KEKFC2R$
2026-03-31 14:36:01,488 DEBUG Ignoring kerb-as-req for 'TRIPWYRE.COM\DESKTOP-KEKFC2R$'
2026-03-31 14:36:01,491 DEBUG Ignoring kerberos packet - Not kerb-as-req
2026-03-31 14:36:01,508 DEBUG Ignoring kerberos packet - Not kerb-as-req
2026-03-31 14:36:01,513 DEBUG Ignoring kerberos packet - Not kerb-as-req
2026-03-31 14:36:52,459 DEBUG Ignoring kerberos packet - Not kerb-as-req
2026-03-31 14:36:52,464 DEBUG Ignoring kerberos packet - Not kerb-as-req
2026-03-31 15:11:54,539 DEBUG Ignoring kerberos packet - Not kerb-as-req
2026-03-31 15:11:54,545 DEBUG Ignoring kerberos packet - Not kerb-as-req
2026-03-31 15:11:55,055 DEBUG Ignoring kerberos packet - Not kerb-as-req
2026-03-31 15:11:55,065 DEBUG Ignoring kerberos packet - Not kerb-as-req
2026-03-31 15:42:26,989 DEBUG Ignoring kerberos packet - Not kerb-as-req
2026-03-31 15:42:26,995 DEBUG Ignoring kerberos packet - Not kerb-as-req
2026-03-31 22:05:54,743 DEBUG Ignoring kerberos packet - Not kerb-as-req
2026-03-31 22:05:54,753 DEBUG Ignoring kerberos packet - Not kerb-as-req
2026-03-31 22:05:54,772 DEBUG Ignoring kerberos packet - Not kerb-as-req
2026-03-31 22:05:54,779 DEBUG Ignoring kerberos packet - Not kerb-as-req
2026-03-31 22:20:54,578 DEBUG Ignoring kerberos packet - Not kerb-as-req
2026-03-31 22:20:54,586 DEBUG Ignoring kerberos packet - Not kerb-as-req
2026-03-31 22:36:01,010 INFO kerb-as-req for domain user TRIPWYRE.COM\DESKTOP-KEKFC2R$
2026-03-31 22:36:01,011 DEBUG Ignoring kerb-as-req for 'TRIPWYRE.COM\DESKTOP-KEKFC2R$'
2026-03-31 22:36:01,016 DEBUG Ignoring kerberos packet - Not kerb-as-req
2026-03-31 22:36:01,034 INFO kerb-as-req for domain user TRIPWYRE.COM\DESKTOP-KEKFC2R$
2026-03-31 22:36:01,034 DEBUG Ignoring kerb-as-req for 'TRIPWYRE.COM\DESKTOP-KEKFC2R$'
2026-03-31 22:36:01,039 DEBUG Ignoring kerberos packet - Not kerb-as-req
2026-03-31 22:36:01,059 DEBUG Ignoring kerberos packet - Not kerb-as-req
2026-03-31 22:36:01,066 DEBUG Ignoring kerberos packet - Not kerb-as-req
2026-03-31 22:36:01,068 DEBUG Ignoring kerberos packet - Not kerb-as-req
2026-03-31 22:55:54,902 DEBUG Ignoring kerberos packet - Not kerb-as-req
2026-03-31 22:55:54,909 DEBUG Ignoring kerberos packet - Not kerb-as-req
2026-03-31 22:55:54,928 DEBUG Ignoring kerberos packet - Not kerb-as-req
2026-03-31 22:55:54,937 DEBUG Ignoring kerberos packet - Not kerb-as-req
2026-03-31 23:35:56,943 DEBUG Ignoring kerberos packet - Not kerb-as-req
2026-03-31 23:35:56,950 DEBUG Ignoring kerberos packet - Not kerb-as-req
2026-04-01 00:21:52,340 DEBUG Ignoring kerberos packet - Not kerb-as-req
2026-04-01 00:21:52,347 DEBUG Ignoring kerberos packet - Not kerb-as-req
2026-04-01 00:34:09,525 DEBUG Ignoring kerberos packet - Not kerb-as-req
2026-04-01 00:34:09,533 DEBUG Ignoring kerberos packet - Not kerb-as-req
2026-04-01 00:51:54,320 DEBUG Ignoring kerberos packet - Not kerb-as-req
2026-04-01 00:51:54,326 DEBUG Ignoring kerberos packet - Not kerb-as-req
2026-04-01 00:51:54,833 DEBUG Ignoring kerberos packet - Not kerb-as-req
2026-04-01 00:51:54,838 DEBUG Ignoring kerberos packet - Not kerb-as-req
2026-04-01 00:51:54,841 DEBUG Ignoring kerberos packet - Not kerb-as-req
2026-04-01 06:36:01,138 INFO kerb-as-req for domain user TRIPWYRE.COM\DESKTOP-KEKFC2R$
2026-04-01 06:36:01,138 DEBUG Ignoring kerb-as-req for 'TRIPWYRE.COM\DESKTOP-KEKFC2R$'
2026-04-01 06:36:01,145 DEBUG Ignoring kerberos packet - Not kerb-as-req
2026-04-01 06:36:01,164 INFO kerb-as-req for domain user TRIPWYRE.COM\DESKTOP-KEKFC2R$
2026-04-01 06:36:01,164 DEBUG Ignoring kerb-as-req for 'TRIPWYRE.COM\DESKTOP-KEKFC2R$'
2026-04-01 06:36:01,169 DEBUG Ignoring kerberos packet - Not kerb-as-req
2026-04-01 06:36:01,189 DEBUG Ignoring kerberos packet - Not kerb-as-req
2026-04-01 06:36:01,199 DEBUG Ignoring kerberos packet - Not kerb-as-req
2026-04-01 07:35:55,281 DEBUG Ignoring kerberos packet - Not kerb-as-req
2026-04-01 07:35:55,289 DEBUG Ignoring kerberos packet - Not kerb-as-req
2026-04-01 07:35:55,315 DEBUG Ignoring kerberos packet - Not kerb-as-req
2026-04-01 07:35:55,321 DEBUG Ignoring kerberos packet - Not kerb-as-req
2026-04-01 07:50:55,186 DEBUG Ignoring kerberos packet - Not kerb-as-req
2026-04-01 07:50:55,195 DEBUG Ignoring kerberos packet - Not kerb-as-req
2026-04-01 08:35:54,068 DEBUG Ignoring kerberos packet - Not kerb-as-req
2026-04-01 08:35:54,077 DEBUG Ignoring kerberos packet - Not kerb-as-req
2026-04-01 08:35:54,102 DEBUG Ignoring kerberos packet - Not kerb-as-req
2026-04-01 08:35:54,106 DEBUG Ignoring kerberos packet - Not kerb-as-req
2026-04-01 09:11:02,488 DEBUG Ignoring kerberos packet - Not kerb-as-req
2026-04-01 09:11:02,502 DEBUG Ignoring kerberos packet - Not kerb-as-req
2026-04-01 10:06:52,082 DEBUG Ignoring kerberos packet - Not kerb-as-req
2026-04-01 10:06:52,088 DEBUG Ignoring kerberos packet - Not kerb-as-req
2026-04-01 10:31:53,583 DEBUG Ignoring kerberos packet - Not kerb-as-req
2026-04-01 10:31:53,593 DEBUG Ignoring kerberos packet - Not kerb-as-req
2026-04-01 10:31:54,094 DEBUG Ignoring kerberos packet - Not kerb-as-req
2026-04-01 10:31:54,102 DEBUG Ignoring kerberos packet - Not kerb-as-req
2026-04-01 10:46:01,170 DEBUG Ignoring kerberos packet - Not kerb-as-req
2026-04-01 10:46:01,183 DEBUG Ignoring kerberos packet - Not kerb-as-req
2026-04-01 14:36:00,883 INFO kerb-as-req for domain user TRIPWYRE.COM\DESKTOP-KEKFC2R$
2026-04-01 14:36:00,884 DEBUG Ignoring kerb-as-req for 'TRIPWYRE.COM\DESKTOP-KEKFC2R$'
2026-04-01 14:36:00,889 DEBUG Ignoring kerberos packet - Not kerb-as-req
2026-04-01 14:36:00,907 INFO kerb-as-req for domain user TRIPWYRE.COM\DESKTOP-KEKFC2R$
2026-04-01 14:36:00,907 DEBUG Ignoring kerb-as-req for 'TRIPWYRE.COM\DESKTOP-KEKFC2R$'
2026-04-01 14:36:00,911 DEBUG Ignoring kerberos packet - Not kerb-as-req
2026-04-01 14:36:00,932 DEBUG Ignoring kerberos packet - Not kerb-as-req
2026-04-01 14:36:00,943 DEBUG Ignoring kerberos packet - Not kerb-as-req
2026-04-01 17:05:55,794 DEBUG Ignoring kerberos packet - Not kerb-as-req
2026-04-01 17:05:55,802 DEBUG Ignoring kerberos packet - Not kerb-as-req
2026-04-01 17:05:55,820 DEBUG Ignoring kerberos packet - Not kerb-as-req
2026-04-01 17:05:55,828 DEBUG Ignoring kerberos packet - Not kerb-as-req
2026-04-01 17:05:55,830 DEBUG Ignoring kerberos packet - Not kerb-as-req
2026-04-01 17:20:55,732 DEBUG Ignoring kerberos packet - Not kerb-as-req
2026-04-01 17:20:55,737 DEBUG Ignoring kerberos packet - Not kerb-as-req
2026-04-01 18:15:53,939 DEBUG Ignoring kerberos packet - Not kerb-as-req
2026-04-01 18:15:53,945 DEBUG Ignoring kerberos packet - Not kerb-as-req
2026-04-01 18:15:53,964 DEBUG Ignoring kerberos packet - Not kerb-as-req
2026-04-01 18:15:53,972 DEBUG Ignoring kerberos packet - Not kerb-as-req
2026-04-01 18:35:57,679 DEBUG Ignoring kerberos packet - Not kerb-as-req
2026-04-01 18:35:57,687 DEBUG Ignoring kerberos packet - Not kerb-as-req
2026-04-01 19:51:52,090 DEBUG Ignoring kerberos packet - Not kerb-as-req
2026-04-01 19:51:52,097 DEBUG Ignoring kerberos packet - Not kerb-as-req
2026-04-01 20:11:53,182 DEBUG Ignoring kerberos packet - Not kerb-as-req
2026-04-01 20:11:53,188 DEBUG Ignoring kerberos packet - Not kerb-as-req
2026-04-01 20:11:53,717 DEBUG Ignoring kerberos packet - Not kerb-as-req
2026-04-01 20:11:53,720 DEBUG Ignoring kerberos packet - Not kerb-as-req
2026-04-01 20:11:53,723 DEBUG Ignoring kerberos packet - Not kerb-as-req
2026-04-01 20:16:01,170 DEBUG Ignoring kerberos packet - Not kerb-as-req
2026-04-01 20:16:01,178 DEBUG Ignoring kerberos packet - Not kerb-as-req
2026-04-01 22:36:08,310 INFO kerb-as-req for domain user TRIPWYRE.COM\DESKTOP-KEKFC2R$
2026-04-01 22:36:08,311 DEBUG Ignoring kerb-as-req for 'TRIPWYRE.COM\DESKTOP-KEKFC2R$'
2026-04-01 22:36:08,315 DEBUG Ignoring kerberos packet - Not kerb-as-req
2026-04-01 22:36:08,333 INFO kerb-as-req for domain user TRIPWYRE.COM\DESKTOP-KEKFC2R$
2026-04-01 22:36:08,333 DEBUG Ignoring kerb-as-req for 'TRIPWYRE.COM\DESKTOP-KEKFC2R$'
2026-04-01 22:36:08,342 DEBUG Ignoring kerberos packet - Not kerb-as-req
2026-04-01 22:36:08,344 DEBUG Ignoring kerberos packet - Not kerb-as-req
2026-04-01 22:36:08,359 DEBUG Ignoring kerberos packet - Not kerb-as-req
2026-04-01 22:36:08,366 DEBUG Ignoring kerberos packet - Not kerb-as-req
2026-04-02 02:35:56,149 DEBUG Ignoring kerberos packet - Not kerb-as-req
2026-04-02 02:35:56,155 DEBUG Ignoring kerberos packet - Not kerb-as-req
2026-04-02 02:35:56,170 DEBUG Ignoring kerberos packet - Not kerb-as-req
2026-04-02 02:35:56,177 DEBUG Ignoring kerberos packet - Not kerb-as-req
2026-04-02 02:50:56,215 DEBUG Ignoring kerberos packet - Not kerb-as-req
2026-04-02 02:50:56,222 DEBUG Ignoring kerberos packet - Not kerb-as-req
2026-04-02 03:55:54,131 DEBUG Ignoring kerberos packet - Not kerb-as-req
2026-04-02 03:55:54,137 DEBUG Ignoring kerberos packet - Not kerb-as-req
2026-04-02 03:55:54,156 DEBUG Ignoring kerberos packet - Not kerb-as-req
2026-04-02 03:55:54,161 DEBUG Ignoring kerberos packet - Not kerb-as-req
2026-04-02 04:11:01,813 DEBUG Ignoring kerberos packet - Not kerb-as-req
2026-04-02 04:11:01,829 DEBUG Ignoring kerberos packet - Not kerb-as-req
2026-04-02 04:11:01,833 DEBUG Ignoring kerberos packet - Not kerb-as-req
2026-04-02 05:36:51,825 DEBUG Ignoring kerberos packet - Not kerb-as-req
2026-04-02 05:36:51,831 DEBUG Ignoring kerberos packet - Not kerb-as-req
2026-04-02 05:46:01,494 DEBUG Ignoring kerberos packet - Not kerb-as-req
2026-04-02 05:46:01,501 DEBUG Ignoring kerberos packet - Not kerb-as-req
2026-04-02 05:46:01,507 DEBUG Ignoring kerberos packet - Not kerb-as-req
2026-04-02 05:51:53,748 DEBUG Ignoring kerberos packet - Not kerb-as-req
2026-04-02 05:51:53,754 DEBUG Ignoring kerberos packet - Not kerb-as-req
2026-04-02 05:51:53,997 DEBUG Ignoring kerberos packet - Not kerb-as-req
2026-04-02 05:51:54,004 DEBUG Ignoring kerberos packet - Not kerb-as-req
2026-04-02 06:36:00,787 INFO kerb-as-req for domain user TRIPWYRE.COM\DESKTOP-KEKFC2R$
2026-04-02 06:36:00,787 DEBUG Ignoring kerb-as-req for 'TRIPWYRE.COM\DESKTOP-KEKFC2R$'
2026-04-02 06:36:00,792 DEBUG Ignoring kerberos packet - Not kerb-as-req
2026-04-02 06:36:00,809 INFO kerb-as-req for domain user TRIPWYRE.COM\DESKTOP-KEKFC2R$
2026-04-02 06:36:00,809 DEBUG Ignoring kerb-as-req for 'TRIPWYRE.COM\DESKTOP-KEKFC2R$'
2026-04-02 06:36:00,821 DEBUG Ignoring kerberos packet - Not kerb-as-req
2026-04-02 06:36:00,844 DEBUG Ignoring kerberos packet - Not kerb-as-req
2026-04-02 06:36:00,850 DEBUG Ignoring kerberos packet - Not kerb-as-req
2026-04-02 12:05:56,851 DEBUG Ignoring kerberos packet - Not kerb-as-req
2026-04-02 12:05:56,858 DEBUG Ignoring kerberos packet - Not kerb-as-req
2026-04-02 12:05:56,877 DEBUG Ignoring kerberos packet - Not kerb-as-req
2026-04-02 12:05:56,884 DEBUG Ignoring kerberos packet - Not kerb-as-req
2026-04-02 12:20:56,882 DEBUG Ignoring kerberos packet - Not kerb-as-req
2026-04-02 12:20:56,892 DEBUG Ignoring kerberos packet - Not kerb-as-req
2026-04-02 13:35:54,436 DEBUG Ignoring kerberos packet - Not kerb-as-req
2026-04-02 13:35:54,448 DEBUG Ignoring kerberos packet - Not kerb-as-req
2026-04-02 13:35:54,467 DEBUG Ignoring kerberos packet - Not kerb-as-req
2026-04-02 13:35:54,474 DEBUG Ignoring kerberos packet - Not kerb-as-req
2026-04-02 13:41:01,266 DEBUG Ignoring kerberos packet - Not kerb-as-req
2026-04-02 13:41:01,271 DEBUG Ignoring kerberos packet - Not kerb-as-req
2026-04-02 14:36:00,466 INFO kerb-as-req for domain user TRIPWYRE.COM\DESKTOP-KEKFC2R$
2026-04-02 14:36:00,466 DEBUG Ignoring kerb-as-req for 'TRIPWYRE.COM\DESKTOP-KEKFC2R$'
2026-04-02 14:36:00,471 DEBUG Ignoring kerberos packet - Not kerb-as-req
2026-04-02 14:36:00,487 INFO kerb-as-req for domain user TRIPWYRE.COM\DESKTOP-KEKFC2R$
2026-04-02 14:36:00,487 DEBUG Ignoring kerb-as-req for 'TRIPWYRE.COM\DESKTOP-KEKFC2R$'
2026-04-02 14:36:00,491 DEBUG Ignoring kerberos packet - Not kerb-as-req
2026-04-02 14:36:00,509 DEBUG Ignoring kerberos packet - Not kerb-as-req
2026-04-02 14:36:00,516 DEBUG Ignoring kerberos packet - Not kerb-as-req
2026-04-02 15:21:51,732 DEBUG Ignoring kerberos packet - Not kerb-as-req
2026-04-02 15:21:51,737 DEBUG Ignoring kerberos packet - Not kerb-as-req
2026-04-02 15:31:53,885 DEBUG Ignoring kerberos packet - Not kerb-as-req
2026-04-02 15:31:53,895 DEBUG Ignoring kerberos packet - Not kerb-as-req
2026-04-02 15:31:54,163 DEBUG Ignoring kerberos packet - Not kerb-as-req
2026-04-02 15:31:54,171 DEBUG Ignoring kerberos packet - Not kerb-as-req
2026-04-02 15:52:14,000 DEBUG Ignoring kerberos packet - Not kerb-as-req
2026-04-02 15:52:14,006 DEBUG Ignoring kerberos packet - Not kerb-as-req
2026-04-02 21:35:57,595 DEBUG Ignoring kerberos packet - Not kerb-as-req
2026-04-02 21:35:57,601 DEBUG Ignoring kerberos packet - Not kerb-as-req
2026-04-02 21:35:57,622 DEBUG Ignoring kerberos packet - Not kerb-as-req
2026-04-02 21:35:57,630 DEBUG Ignoring kerberos packet - Not kerb-as-req
2026-04-02 21:50:57,364 DEBUG Ignoring kerberos packet - Not kerb-as-req
2026-04-02 21:50:57,373 DEBUG Ignoring kerberos packet - Not kerb-as-req
2026-04-02 22:36:00,375 INFO kerb-as-req for domain user TRIPWYRE.COM\DESKTOP-KEKFC2R$
2026-04-02 22:36:00,376 DEBUG Ignoring kerb-as-req for 'TRIPWYRE.COM\DESKTOP-KEKFC2R$'
2026-04-02 22:36:00,380 DEBUG Ignoring kerberos packet - Not kerb-as-req
2026-04-02 22:36:00,395 INFO kerb-as-req for domain user TRIPWYRE.COM\DESKTOP-KEKFC2R$
2026-04-02 22:36:00,395 DEBUG Ignoring kerb-as-req for 'TRIPWYRE.COM\DESKTOP-KEKFC2R$'
2026-04-02 22:36:00,401 DEBUG Ignoring kerberos packet - Not kerb-as-req
2026-04-02 22:36:00,426 DEBUG Ignoring kerberos packet - Not kerb-as-req
2026-04-02 22:36:00,433 DEBUG Ignoring kerberos packet - Not kerb-as-req
2026-04-02 23:15:53,519 DEBUG Ignoring kerberos packet - Not kerb-as-req
2026-04-02 23:15:53,526 DEBUG Ignoring kerberos packet - Not kerb-as-req
2026-04-02 23:15:53,547 DEBUG Ignoring kerberos packet - Not kerb-as-req
2026-04-02 23:15:53,554 DEBUG Ignoring kerberos packet - Not kerb-as-req
2026-04-02 23:35:59,569 DEBUG Ignoring kerberos packet - Not kerb-as-req
2026-04-02 23:35:59,577 DEBUG Ignoring kerberos packet - Not kerb-as-req
2026-04-03 00:32:05,975 INFO kerb-as-req for domain user TRIPWYRE\Administrator
2026-04-03 00:32:05,976 DEBUG Ignoring kerb-as-req for 'TRIPWYRE\Administrator'
2026-04-03 00:32:05,979 DEBUG Ignoring kerberos packet - Not kerb-as-req
2026-04-03 00:32:05,993 INFO kerb-as-req for domain user TRIPWYRE\Administrator
2026-04-03 00:32:05,993 DEBUG Ignoring kerb-as-req for 'TRIPWYRE\Administrator'
2026-04-03 00:32:05,998 DEBUG Ignoring kerberos packet - Not kerb-as-req
2026-04-03 00:32:06,020 DEBUG Ignoring kerberos packet - Not kerb-as-req
2026-04-03 00:32:06,026 DEBUG Ignoring kerberos packet - Not kerb-as-req
2026-04-03 00:34:08,755 DEBUG Ignoring kerberos packet - Not kerb-as-req
2026-04-03 00:34:08,763 DEBUG Ignoring kerberos packet - Not kerb-as-req
2026-04-03 01:11:53,718 DEBUG Ignoring kerberos packet - Not kerb-as-req
2026-04-03 01:11:53,727 DEBUG Ignoring kerberos packet - Not kerb-as-req
2026-04-03 01:11:54,004 DEBUG Ignoring kerberos packet - Not kerb-as-req
2026-04-03 01:11:54,011 DEBUG Ignoring kerberos packet - Not kerb-as-req
2026-04-03 06:36:00,370 INFO kerb-as-req for domain user TRIPWYRE.COM\DESKTOP-KEKFC2R$
2026-04-03 06:36:00,371 DEBUG Ignoring kerb-as-req for 'TRIPWYRE.COM\DESKTOP-KEKFC2R$'
2026-04-03 06:36:00,375 DEBUG Ignoring kerberos packet - Not kerb-as-req
2026-04-03 06:36:00,394 INFO kerb-as-req for domain user TRIPWYRE.COM\DESKTOP-KEKFC2R$
2026-04-03 06:36:00,394 DEBUG Ignoring kerb-as-req for 'TRIPWYRE.COM\DESKTOP-KEKFC2R$'
2026-04-03 06:36:00,400 DEBUG Ignoring kerberos packet - Not kerb-as-req
2026-04-03 06:36:00,419 DEBUG Ignoring kerberos packet - Not kerb-as-req
2026-04-03 06:36:00,425 DEBUG Ignoring kerberos packet - Not kerb-as-req
2026-04-03 06:37:03,125 DEBUG Ignoring kerberos packet - Not kerb-as-req
2026-04-03 06:37:03,131 DEBUG Ignoring kerberos packet - Not kerb-as-req
2026-04-03 07:05:57,839 DEBUG Ignoring kerberos packet - Not kerb-as-req
2026-04-03 07:05:57,844 DEBUG Ignoring kerberos packet - Not kerb-as-req
2026-04-03 07:05:57,860 DEBUG Ignoring kerberos packet - Not kerb-as-req
2026-04-03 07:05:57,866 DEBUG Ignoring kerberos packet - Not kerb-as-req
2026-04-03 07:20:57,938 DEBUG Ignoring kerberos packet - Not kerb-as-req
2026-04-03 07:20:57,946 DEBUG Ignoring kerberos packet - Not kerb-as-req
2026-04-03 08:55:53,553 DEBUG Ignoring kerberos packet - Not kerb-as-req
2026-04-03 08:55:53,562 DEBUG Ignoring kerberos packet - Not kerb-as-req
2026-04-03 08:55:53,580 DEBUG Ignoring kerberos packet - Not kerb-as-req
2026-04-03 08:55:53,586 DEBUG Ignoring kerberos packet - Not kerb-as-req
2026-04-03 09:36:00,088 DEBUG Ignoring kerberos packet - Not kerb-as-req
2026-04-03 09:36:00,099 DEBUG Ignoring kerberos packet - Not kerb-as-req
2026-04-03 10:17:05,459 DEBUG Ignoring kerberos packet - Not kerb-as-req
2026-04-03 10:17:05,462 DEBUG Ignoring kerberos packet - Not kerb-as-req
2026-04-03 10:17:05,464 DEBUG Ignoring kerberos packet - Not kerb-as-req
2026-04-03 10:46:31,697 DEBUG Ignoring kerberos packet - Not kerb-as-req
2026-04-03 10:46:31,706 DEBUG Ignoring kerberos packet - Not kerb-as-req
2026-04-03 10:51:53,137 DEBUG Ignoring kerberos packet - Not kerb-as-req
2026-04-03 10:51:53,145 DEBUG Ignoring kerberos packet - Not kerb-as-req
2026-04-03 10:51:53,397 DEBUG Ignoring kerberos packet - Not kerb-as-req
2026-04-03 10:51:53,403 DEBUG Ignoring kerberos packet - Not kerb-as-req
2026-04-03 14:36:00,438 INFO kerb-as-req for domain user TRIPWYRE.COM\DESKTOP-KEKFC2R$
2026-04-03 14:36:00,439 DEBUG Ignoring kerb-as-req for 'TRIPWYRE.COM\DESKTOP-KEKFC2R$'
2026-04-03 14:36:00,444 DEBUG Ignoring kerberos packet - Not kerb-as-req
2026-04-03 14:36:00,460 INFO kerb-as-req for domain user TRIPWYRE.COM\DESKTOP-KEKFC2R$
2026-04-03 14:36:00,461 DEBUG Ignoring kerb-as-req for 'TRIPWYRE.COM\DESKTOP-KEKFC2R$'
2026-04-03 14:36:00,464 DEBUG Ignoring kerberos packet - Not kerb-as-req
2026-04-03 14:36:00,483 DEBUG Ignoring kerberos packet - Not kerb-as-req
2026-04-03 14:36:00,493 DEBUG Ignoring kerberos packet - Not kerb-as-req
2026-04-03 16:35:58,681 DEBUG Ignoring kerberos packet - Not kerb-as-req
2026-04-03 16:35:58,695 DEBUG Ignoring kerberos packet - Not kerb-as-req
2026-04-03 16:35:58,713 DEBUG Ignoring kerberos packet - Not kerb-as-req
2026-04-03 16:35:58,719 DEBUG Ignoring kerberos packet - Not kerb-as-req
2026-04-03 16:50:58,392 DEBUG Ignoring kerberos packet - Not kerb-as-req
2026-04-03 16:50:58,398 DEBUG Ignoring kerberos packet - Not kerb-as-req
2026-04-03 18:35:53,809 DEBUG Ignoring kerberos packet - Not kerb-as-req
2026-04-03 18:35:53,816 DEBUG Ignoring kerberos packet - Not kerb-as-req
2026-04-03 18:35:53,840 DEBUG Ignoring kerberos packet - Not kerb-as-req
2026-04-03 18:35:53,845 DEBUG Ignoring kerberos packet - Not kerb-as-req
2026-04-03 19:36:00,984 DEBUG Ignoring kerberos packet - Not kerb-as-req
2026-04-03 19:36:00,990 DEBUG Ignoring kerberos packet - Not kerb-as-req
2026-04-03 20:02:05,264 DEBUG Ignoring kerberos packet - Not kerb-as-req
2026-04-03 20:02:05,274 DEBUG Ignoring kerberos packet - Not kerb-as-req
2026-04-03 20:31:53,139 DEBUG Ignoring kerberos packet - Not kerb-as-req
2026-04-03 20:31:53,148 DEBUG Ignoring kerberos packet - Not kerb-as-req
2026-04-03 20:31:53,652 DEBUG Ignoring kerberos packet - Not kerb-as-req
2026-04-03 20:31:53,657 DEBUG Ignoring kerberos packet - Not kerb-as-req
2026-04-03 21:21:01,207 DEBUG Ignoring kerberos packet - Not kerb-as-req
2026-04-03 21:21:01,216 DEBUG Ignoring kerberos packet - Not kerb-as-req
2026-04-03 22:36:00,149 INFO kerb-as-req for domain user TRIPWYRE.COM\DESKTOP-KEKFC2R$
2026-04-03 22:36:00,150 DEBUG Ignoring kerb-as-req for 'TRIPWYRE.COM\DESKTOP-KEKFC2R$'
2026-04-03 22:36:00,155 DEBUG Ignoring kerberos packet - Not kerb-as-req
2026-04-03 22:36:00,170 INFO kerb-as-req for domain user TRIPWYRE.COM\DESKTOP-KEKFC2R$
2026-04-03 22:36:00,171 DEBUG Ignoring kerb-as-req for 'TRIPWYRE.COM\DESKTOP-KEKFC2R$'
2026-04-03 22:36:00,176 DEBUG Ignoring kerberos packet - Not kerb-as-req
2026-04-03 22:36:00,209 DEBUG Ignoring kerberos packet - Not kerb-as-req
2026-04-03 22:36:00,216 DEBUG Ignoring kerberos packet - Not kerb-as-req
2026-04-04 02:05:59,191 DEBUG Ignoring kerberos packet - Not kerb-as-req
2026-04-04 02:05:59,200 DEBUG Ignoring kerberos packet - Not kerb-as-req
2026-04-04 02:05:59,222 DEBUG Ignoring kerberos packet - Not kerb-as-req
2026-04-04 02:05:59,230 DEBUG Ignoring kerberos packet - Not kerb-as-req
2026-04-04 02:20:59,057 DEBUG Ignoring kerberos packet - Not kerb-as-req
2026-04-04 02:20:59,066 DEBUG Ignoring kerberos packet - Not kerb-as-req
2026-04-04 04:15:53,333 DEBUG Ignoring kerberos packet - Not kerb-as-req
2026-04-04 04:15:53,339 DEBUG Ignoring kerberos packet - Not kerb-as-req
2026-04-04 04:15:53,359 DEBUG Ignoring kerberos packet - Not kerb-as-req
2026-04-04 04:15:53,364 DEBUG Ignoring kerberos packet - Not kerb-as-req
2026-04-04 04:36:01,298 DEBUG Ignoring kerberos packet - Not kerb-as-req
2026-04-04 04:36:01,306 DEBUG Ignoring kerberos packet - Not kerb-as-req
2026-04-04 05:47:05,012 DEBUG Ignoring kerberos packet - Not kerb-as-req
2026-04-04 05:47:05,022 DEBUG Ignoring kerberos packet - Not kerb-as-req
2026-04-04 06:11:52,568 DEBUG Ignoring kerberos packet - Not kerb-as-req
2026-04-04 06:11:52,586 DEBUG Ignoring kerberos packet - Not kerb-as-req
2026-04-04 06:11:52,588 DEBUG Ignoring kerberos packet - Not kerb-as-req
2026-04-04 06:11:53,105 DEBUG Ignoring kerberos packet - Not kerb-as-req
2026-04-04 06:11:53,108 DEBUG Ignoring kerberos packet - Not kerb-as-req
2026-04-04 06:11:53,112 DEBUG Ignoring kerberos packet - Not kerb-as-req
2026-04-04 06:35:59,729 INFO kerb-as-req for domain user TRIPWYRE.COM\DESKTOP-KEKFC2R$
2026-04-04 06:35:59,729 DEBUG Ignoring kerb-as-req for 'TRIPWYRE.COM\DESKTOP-KEKFC2R$'
2026-04-04 06:35:59,732 DEBUG Ignoring kerberos packet - Not kerb-as-req
2026-04-04 06:35:59,747 INFO kerb-as-req for domain user TRIPWYRE.COM\DESKTOP-KEKFC2R$
2026-04-04 06:35:59,747 DEBUG Ignoring kerb-as-req for 'TRIPWYRE.COM\DESKTOP-KEKFC2R$'
2026-04-04 06:35:59,750 DEBUG Ignoring kerberos packet - Not kerb-as-req
2026-04-04 06:35:59,770 DEBUG Ignoring kerberos packet - Not kerb-as-req
2026-04-04 06:35:59,777 DEBUG Ignoring kerberos packet - Not kerb-as-req
2026-04-04 06:51:00,503 DEBUG Ignoring kerberos packet - Not kerb-as-req
2026-04-04 06:51:00,510 DEBUG Ignoring kerberos packet - Not kerb-as-req
2026-04-04 11:35:59,702 DEBUG Ignoring kerberos packet - Not kerb-as-req
2026-04-04 11:35:59,709 DEBUG Ignoring kerberos packet - Not kerb-as-req
2026-04-04 11:35:59,729 DEBUG Ignoring kerberos packet - Not kerb-as-req
2026-04-04 11:35:59,743 DEBUG Ignoring kerberos packet - Not kerb-as-req
2026-04-04 11:50:59,793 DEBUG Ignoring kerberos packet - Not kerb-as-req
2026-04-04 11:50:59,802 DEBUG Ignoring kerberos packet - Not kerb-as-req
2026-04-04 13:55:53,527 DEBUG Ignoring kerberos packet - Not kerb-as-req
2026-04-04 13:55:53,535 DEBUG Ignoring kerberos packet - Not kerb-as-req
2026-04-04 13:55:53,554 DEBUG Ignoring kerberos packet - Not kerb-as-req
2026-04-04 13:55:53,562 DEBUG Ignoring kerberos packet - Not kerb-as-req
2026-04-04 14:35:59,537 DEBUG Ignoring kerberos packet - Not kerb-as-req
2026-04-04 14:35:59,547 DEBUG Ignoring kerberos packet - Not kerb-as-req
2026-04-04 14:35:59,826 INFO kerb-as-req for domain user TRIPWYRE.COM\DESKTOP-KEKFC2R$
2026-04-04 14:35:59,826 DEBUG Ignoring kerb-as-req for 'TRIPWYRE.COM\DESKTOP-KEKFC2R$'
2026-04-04 14:35:59,830 DEBUG Ignoring kerberos packet - Not kerb-as-req
2026-04-04 14:35:59,849 INFO kerb-as-req for domain user TRIPWYRE.COM\DESKTOP-KEKFC2R$
2026-04-04 14:35:59,849 DEBUG Ignoring kerb-as-req for 'TRIPWYRE.COM\DESKTOP-KEKFC2R$'
2026-04-04 14:35:59,854 DEBUG Ignoring kerberos packet - Not kerb-as-req
2026-04-04 14:35:59,877 DEBUG Ignoring kerberos packet - Not kerb-as-req
2026-04-04 14:35:59,884 DEBUG Ignoring kerberos packet - Not kerb-as-req
2026-04-04 15:32:04,888 DEBUG Ignoring kerberos packet - Not kerb-as-req
2026-04-04 15:32:04,898 DEBUG Ignoring kerberos packet - Not kerb-as-req
2026-04-04 15:51:53,076 DEBUG Ignoring kerberos packet - Not kerb-as-req
2026-04-04 15:51:53,087 DEBUG Ignoring kerberos packet - Not kerb-as-req
2026-04-04 15:51:53,330 DEBUG Ignoring kerberos packet - Not kerb-as-req
2026-04-04 15:51:53,337 DEBUG Ignoring kerberos packet - Not kerb-as-req
2026-04-04 16:21:00,335 DEBUG Ignoring kerberos packet - Not kerb-as-req
2026-04-04 16:21:00,343 DEBUG Ignoring kerberos packet - Not kerb-as-req
2026-04-04 21:06:00,663 DEBUG Ignoring kerberos packet - Not kerb-as-req
2026-04-04 21:06:00,672 DEBUG Ignoring kerberos packet - Not kerb-as-req
2026-04-04 21:06:00,689 DEBUG Ignoring kerberos packet - Not kerb-as-req
2026-04-04 21:06:00,692 DEBUG Ignoring kerberos packet - Not kerb-as-req
2026-04-04 21:06:00,696 DEBUG Ignoring kerberos packet - Not kerb-as-req
2026-04-04 21:21:00,596 DEBUG Ignoring kerberos packet - Not kerb-as-req
2026-04-04 21:21:00,603 DEBUG Ignoring kerberos packet - Not kerb-as-req
2026-04-04 21:55:46,288 DEBUG Ignoring kerberos packet - Not kerb-as-req
2026-04-04 21:55:46,293 DEBUG Ignoring kerberos packet - Not kerb-as-req
2026-04-04 21:55:46,312 DEBUG Ignoring kerberos packet - Not kerb-as-req
2026-04-04 21:55:46,320 DEBUG Ignoring kerberos packet - Not kerb-as-req
2026-04-04 22:35:59,601 INFO kerb-as-req for domain user TRIPWYRE.COM\DESKTOP-KEKFC2R$
2026-04-04 22:35:59,603 DEBUG Ignoring kerb-as-req for 'TRIPWYRE.COM\DESKTOP-KEKFC2R$'
2026-04-04 22:35:59,606 DEBUG Ignoring kerberos packet - Not kerb-as-req
2026-04-04 22:35:59,624 INFO kerb-as-req for domain user TRIPWYRE.COM\DESKTOP-KEKFC2R$
2026-04-04 22:35:59,624 DEBUG Ignoring kerb-as-req for 'TRIPWYRE.COM\DESKTOP-KEKFC2R$'
2026-04-04 22:35:59,629 DEBUG Ignoring kerberos packet - Not kerb-as-req
2026-04-04 22:35:59,650 DEBUG Ignoring kerberos packet - Not kerb-as-req
2026-04-04 22:35:59,656 DEBUG Ignoring kerberos packet - Not kerb-as-req
2026-04-04 23:35:52,497 DEBUG Ignoring kerberos packet - Not kerb-as-req
2026-04-04 23:35:52,503 DEBUG Ignoring kerberos packet - Not kerb-as-req
2026-04-04 23:35:52,523 DEBUG Ignoring kerberos packet - Not kerb-as-req
2026-04-04 23:35:52,530 DEBUG Ignoring kerberos packet - Not kerb-as-req
2026-04-05 00:16:00,335 DEBUG Ignoring kerberos packet - Not kerb-as-req
2026-04-05 00:16:00,343 DEBUG Ignoring kerberos packet - Not kerb-as-req
2026-04-05 01:17:04,635 DEBUG Ignoring kerberos packet - Not kerb-as-req
2026-04-05 01:17:04,641 DEBUG Ignoring kerberos packet - Not kerb-as-req
2026-04-05 01:21:34,738 DEBUG Ignoring kerberos packet - Not kerb-as-req
2026-04-05 01:21:34,746 DEBUG Ignoring kerberos packet - Not kerb-as-req
2026-04-05 01:31:52,140 DEBUG Ignoring kerberos packet - Not kerb-as-req
2026-04-05 01:31:52,147 DEBUG Ignoring kerberos packet - Not kerb-as-req
2026-04-05 01:31:52,401 DEBUG Ignoring kerberos packet - Not kerb-as-req
2026-04-05 01:31:52,407 DEBUG Ignoring kerberos packet - Not kerb-as-req
2026-04-05 06:35:59,565 INFO kerb-as-req for domain user TRIPWYRE.COM\DESKTOP-KEKFC2R$
2026-04-05 06:35:59,566 DEBUG Ignoring kerb-as-req for 'TRIPWYRE.COM\DESKTOP-KEKFC2R$'
2026-04-05 06:35:59,569 DEBUG Ignoring kerberos packet - Not kerb-as-req
2026-04-05 06:35:59,585 INFO kerb-as-req for domain user TRIPWYRE.COM\DESKTOP-KEKFC2R$
2026-04-05 06:35:59,586 DEBUG Ignoring kerb-as-req for 'TRIPWYRE.COM\DESKTOP-KEKFC2R$'
2026-04-05 06:35:59,589 DEBUG Ignoring kerberos packet - Not kerb-as-req
2026-04-05 06:35:59,609 DEBUG Ignoring kerberos packet - Not kerb-as-req
2026-04-05 06:35:59,618 DEBUG Ignoring kerberos packet - Not kerb-as-req
2026-04-05 06:36:00,851 DEBUG Ignoring kerberos packet - Not kerb-as-req
2026-04-05 06:36:00,857 DEBUG Ignoring kerberos packet - Not kerb-as-req
2026-04-05 06:36:00,875 DEBUG Ignoring kerberos packet - Not kerb-as-req
2026-04-05 06:36:00,881 DEBUG Ignoring kerberos packet - Not kerb-as-req
2026-04-05 06:51:00,720 DEBUG Ignoring kerberos packet - Not kerb-as-req
2026-04-05 06:51:00,728 DEBUG Ignoring kerberos packet - Not kerb-as-req
2026-04-05 09:15:53,332 DEBUG Ignoring kerberos packet - Not kerb-as-req
2026-04-05 09:15:53,339 DEBUG Ignoring kerberos packet - Not kerb-as-req
2026-04-05 09:15:53,356 DEBUG Ignoring kerberos packet - Not kerb-as-req
2026-04-05 09:15:53,363 DEBUG Ignoring kerberos packet - Not kerb-as-req
2026-04-05 09:36:02,549 DEBUG Ignoring kerberos packet - Not kerb-as-req
2026-04-05 09:36:02,558 DEBUG Ignoring kerberos packet - Not kerb-as-req
2026-04-05 11:02:04,404 DEBUG Ignoring kerberos packet - Not kerb-as-req
2026-04-05 11:02:04,415 DEBUG Ignoring kerberos packet - Not kerb-as-req
2026-04-05 11:11:52,755 DEBUG Ignoring kerberos packet - Not kerb-as-req
2026-04-05 11:11:52,762 DEBUG Ignoring kerberos packet - Not kerb-as-req
2026-04-05 11:11:53,264 DEBUG Ignoring kerberos packet - Not kerb-as-req
2026-04-05 11:11:53,274 DEBUG Ignoring kerberos packet - Not kerb-as-req
2026-04-05 11:11:53,276 DEBUG Ignoring kerberos packet - Not kerb-as-req
2026-04-05 11:21:00,205 DEBUG Ignoring kerberos packet - Not kerb-as-req
2026-04-05 11:21:00,213 DEBUG Ignoring kerberos packet - Not kerb-as-req
2026-04-05 14:35:59,252 INFO kerb-as-req for domain user TRIPWYRE.COM\DESKTOP-KEKFC2R$
2026-04-05 14:35:59,252 DEBUG Ignoring kerb-as-req for 'TRIPWYRE.COM\DESKTOP-KEKFC2R$'
2026-04-05 14:35:59,255 DEBUG Ignoring kerberos packet - Not kerb-as-req
2026-04-05 14:35:59,270 INFO kerb-as-req for domain user TRIPWYRE.COM\DESKTOP-KEKFC2R$
2026-04-05 14:35:59,271 DEBUG Ignoring kerb-as-req for 'TRIPWYRE.COM\DESKTOP-KEKFC2R$'
2026-04-05 14:35:59,275 DEBUG Ignoring kerberos packet - Not kerb-as-req
2026-04-05 14:35:59,298 DEBUG Ignoring kerberos packet - Not kerb-as-req
2026-04-05 14:35:59,303 DEBUG Ignoring kerberos packet - Not kerb-as-req
2026-04-05 16:06:01,360 DEBUG Ignoring kerberos packet - Not kerb-as-req
2026-04-05 16:06:01,368 DEBUG Ignoring kerberos packet - Not kerb-as-req
2026-04-05 16:06:01,392 DEBUG Ignoring kerberos packet - Not kerb-as-req
2026-04-05 16:06:01,402 DEBUG Ignoring kerberos packet - Not kerb-as-req
2026-04-05 16:21:01,205 DEBUG Ignoring kerberos packet - Not kerb-as-req
2026-04-05 16:21:01,214 DEBUG Ignoring kerberos packet - Not kerb-as-req
2026-04-05 18:55:52,213 DEBUG Ignoring kerberos packet - Not kerb-as-req
2026-04-05 18:55:52,222 DEBUG Ignoring kerberos packet - Not kerb-as-req
2026-04-05 18:55:52,758 DEBUG Ignoring kerberos packet - Not kerb-as-req
2026-04-05 18:55:52,765 DEBUG Ignoring kerberos packet - Not kerb-as-req
2026-04-05 18:55:52,768 DEBUG Ignoring kerberos packet - Not kerb-as-req
2026-04-05 19:15:59,924 DEBUG Ignoring kerberos packet - Not kerb-as-req
2026-04-05 19:15:59,931 DEBUG Ignoring kerberos packet - Not kerb-as-req
2026-04-05 20:47:04,375 DEBUG Ignoring kerberos packet - Not kerb-as-req
2026-04-05 20:47:04,384 DEBUG Ignoring kerberos packet - Not kerb-as-req
2026-04-05 20:50:59,569 DEBUG Ignoring kerberos packet - Not kerb-as-req
2026-04-05 20:50:59,576 DEBUG Ignoring kerberos packet - Not kerb-as-req
2026-04-05 20:51:52,113 DEBUG Ignoring kerberos packet - Not kerb-as-req
2026-04-05 20:51:52,119 DEBUG Ignoring kerberos packet - Not kerb-as-req
2026-04-05 20:51:52,371 DEBUG Ignoring kerberos packet - Not kerb-as-req
2026-04-05 20:51:52,376 DEBUG Ignoring kerberos packet - Not kerb-as-req
2026-04-05 22:06:01,774 INFO kerb-as-req for domain user TRIPWYRE.COM\desktop-kekfc2r$
2026-04-05 22:06:01,775 DEBUG Ignoring kerb-as-req for 'TRIPWYRE.COM\desktop-kekfc2r$'
2026-04-05 22:06:01,780 DEBUG Ignoring kerberos packet - Not kerb-as-req
2026-04-05 22:06:01,795 INFO kerb-as-req for domain user TRIPWYRE.COM\desktop-kekfc2r$
2026-04-05 22:06:01,796 DEBUG Ignoring kerb-as-req for 'TRIPWYRE.COM\desktop-kekfc2r$'
2026-04-05 22:06:01,803 DEBUG Ignoring kerberos packet - Not kerb-as-req
2026-04-05 22:06:01,826 DEBUG Ignoring kerberos packet - Not kerb-as-req
2026-04-05 22:06:01,834 DEBUG Ignoring kerberos packet - Not kerb-as-req
2026-04-05 22:21:01,686 DEBUG Ignoring kerberos packet - Not kerb-as-req
2026-04-05 22:21:01,691 DEBUG Ignoring kerberos packet - Not kerb-as-req
2026-04-05 22:21:01,698 DEBUG Ignoring kerberos packet - Not kerb-as-req
2026-04-05 22:25:59,630 INFO kerb-as-req for domain user TRIPWYRE.COM\desktop-kekfc2r$
2026-04-05 22:25:59,631 DEBUG Ignoring kerb-as-req for 'TRIPWYRE.COM\desktop-kekfc2r$'
2026-04-05 22:25:59,634 DEBUG Ignoring kerberos packet - Not kerb-as-req
2026-04-05 22:25:59,679 INFO kerb-as-req for domain user TRIPWYRE.COM\desktop-kekfc2r$
2026-04-05 22:25:59,679 DEBUG Ignoring kerb-as-req for 'TRIPWYRE.COM\desktop-kekfc2r$'
2026-04-05 22:25:59,682 DEBUG Ignoring kerberos packet - Not kerb-as-req
2026-04-05 22:25:59,703 DEBUG Ignoring kerberos packet - Not kerb-as-req
2026-04-05 22:25:59,709 DEBUG Ignoring kerberos packet - Not kerb-as-req
2026-04-05 22:35:58,928 INFO kerb-as-req for domain user TRIPWYRE.COM\DESKTOP-KEKFC2R$
2026-04-05 22:35:58,929 DEBUG Ignoring kerb-as-req for 'TRIPWYRE.COM\DESKTOP-KEKFC2R$'
2026-04-05 22:35:58,932 DEBUG Ignoring kerberos packet - Not kerb-as-req
2026-04-05 22:35:58,948 INFO kerb-as-req for domain user TRIPWYRE.COM\DESKTOP-KEKFC2R$
2026-04-05 22:35:58,948 DEBUG Ignoring kerb-as-req for 'TRIPWYRE.COM\DESKTOP-KEKFC2R$'
2026-04-05 22:35:58,953 DEBUG Ignoring kerberos packet - Not kerb-as-req
2026-04-05 22:35:58,972 DEBUG Ignoring kerberos packet - Not kerb-as-req
2026-04-05 22:35:58,977 DEBUG Ignoring kerberos packet - Not kerb-as-req
2026-04-05 22:47:52,433 DEBUG Ignoring kerberos packet - Not kerb-as-req
2026-04-05 22:47:52,441 DEBUG Ignoring kerberos packet - Not kerb-as-req
2026-04-05 22:47:52,686 DEBUG Ignoring kerberos packet - Not kerb-as-req
2026-04-05 22:47:52,692 DEBUG Ignoring kerberos packet - Not kerb-as-req
2026-04-05 22:47:52,708 DEBUG Ignoring kerberos packet - Not kerb-as-req
2026-04-05 22:47:52,715 DEBUG Ignoring kerberos packet - Not kerb-as-req
2026-04-06 06:32:04,242 DEBUG Ignoring kerberos packet - Not kerb-as-req
2026-04-06 06:32:04,251 DEBUG Ignoring kerberos packet - Not kerb-as-req
2026-04-06 06:35:58,701 INFO kerb-as-req for domain user TRIPWYRE.COM\DESKTOP-KEKFC2R$
2026-04-06 06:35:58,701 DEBUG Ignoring kerb-as-req for 'TRIPWYRE.COM\DESKTOP-KEKFC2R$'
2026-04-06 06:35:58,705 DEBUG Ignoring kerberos packet - Not kerb-as-req
2026-04-06 06:35:58,724 INFO kerb-as-req for domain user TRIPWYRE.COM\DESKTOP-KEKFC2R$
2026-04-06 06:35:58,724 DEBUG Ignoring kerb-as-req for 'TRIPWYRE.COM\DESKTOP-KEKFC2R$'
2026-04-06 06:35:58,727 DEBUG Ignoring kerberos packet - Not kerb-as-req
2026-04-06 06:35:58,742 DEBUG Ignoring kerberos packet - Not kerb-as-req
2026-04-06 06:35:58,751 DEBUG Ignoring kerberos packet - Not kerb-as-req
2026-04-06 07:36:02,364 DEBUG Ignoring kerberos packet - Not kerb-as-req
2026-04-06 07:36:02,379 DEBUG Ignoring kerberos packet - Not kerb-as-req
2026-04-06 07:36:02,398 DEBUG Ignoring kerberos packet - Not kerb-as-req
2026-04-06 07:36:02,407 DEBUG Ignoring kerberos packet - Not kerb-as-req
2026-04-06 07:51:02,356 DEBUG Ignoring kerberos packet - Not kerb-as-req
2026-04-06 07:51:02,362 DEBUG Ignoring kerberos packet - Not kerb-as-req
2026-04-06 07:55:59,956 DEBUG Ignoring kerberos packet - Not kerb-as-req
2026-04-06 07:55:59,963 DEBUG Ignoring kerberos packet - Not kerb-as-req
2026-04-06 08:10:59,124 DEBUG Ignoring kerberos packet - Not kerb-as-req
2026-04-06 08:10:59,131 DEBUG Ignoring kerberos packet - Not kerb-as-req
2026-04-06 08:27:51,510 DEBUG Ignoring kerberos packet - Not kerb-as-req
2026-04-06 08:27:51,521 DEBUG Ignoring kerberos packet - Not kerb-as-req
2026-04-06 08:27:51,538 DEBUG Ignoring kerberos packet - Not kerb-as-req
2026-04-06 08:27:51,545 DEBUG Ignoring kerberos packet - Not kerb-as-req
2026-04-06 08:27:52,050 DEBUG Ignoring kerberos packet - Not kerb-as-req
2026-04-06 08:27:52,057 DEBUG Ignoring kerberos packet - Not kerb-as-req
2026-04-06 08:27:52,073 DEBUG Ignoring kerberos packet - Not kerb-as-req
2026-04-06 08:27:52,079 DEBUG Ignoring kerberos packet - Not kerb-as-req
2026-04-06 14:35:58,708 INFO kerb-as-req for domain user TRIPWYRE.COM\DESKTOP-KEKFC2R$
2026-04-06 14:35:58,711 DEBUG Ignoring kerb-as-req for 'TRIPWYRE.COM\DESKTOP-KEKFC2R$'
2026-04-06 14:35:58,714 DEBUG Ignoring kerberos packet - Not kerb-as-req
2026-04-06 14:35:58,729 INFO kerb-as-req for domain user TRIPWYRE.COM\DESKTOP-KEKFC2R$
2026-04-06 14:35:58,730 DEBUG Ignoring kerb-as-req for 'TRIPWYRE.COM\DESKTOP-KEKFC2R$'
2026-04-06 14:35:58,735 DEBUG Ignoring kerberos packet - Not kerb-as-req
2026-04-06 14:35:58,759 DEBUG Ignoring kerberos packet - Not kerb-as-req
2026-04-06 14:35:58,763 DEBUG Ignoring kerberos packet - Not kerb-as-req
2026-04-06 16:17:04,086 DEBUG Ignoring kerberos packet - Not kerb-as-req
2026-04-06 16:17:04,096 DEBUG Ignoring kerberos packet - Not kerb-as-req
2026-04-06 17:06:02,906 DEBUG Ignoring kerberos packet - Not kerb-as-req
2026-04-06 17:06:02,919 DEBUG Ignoring kerberos packet - Not kerb-as-req
2026-04-06 17:06:02,943 DEBUG Ignoring kerberos packet - Not kerb-as-req
2026-04-06 17:06:02,950 DEBUG Ignoring kerberos packet - Not kerb-as-req
2026-04-06 17:17:47,694 DEBUG Ignoring kerberos packet - Not kerb-as-req
2026-04-06 17:17:47,700 DEBUG Ignoring kerberos packet - Not kerb-as-req
2026-04-06 17:21:02,896 DEBUG Ignoring kerberos packet - Not kerb-as-req
2026-04-06 17:21:02,903 DEBUG Ignoring kerberos packet - Not kerb-as-req
2026-04-06 17:55:58,997 DEBUG Ignoring kerberos packet - Not kerb-as-req
2026-04-06 17:55:59,002 DEBUG Ignoring kerberos packet - Not kerb-as-req
2026-04-06 18:07:51,000 DEBUG Ignoring kerberos packet - Not kerb-as-req
2026-04-06 18:07:51,004 DEBUG Ignoring kerberos packet - Not kerb-as-req
2026-04-06 18:07:51,006 DEBUG Ignoring kerberos packet - Not kerb-as-req
2026-04-06 18:07:51,285 DEBUG Ignoring kerberos packet - Not kerb-as-req
2026-04-06 18:07:51,294 DEBUG Ignoring kerberos packet - Not kerb-as-req
2026-04-06 18:07:51,825 DEBUG Ignoring kerberos packet - Not kerb-as-req
2026-04-06 18:07:51,829 DEBUG Ignoring kerberos packet - Not kerb-as-req
2026-04-06 18:07:51,835 DEBUG Ignoring kerberos packet - Not kerb-as-req
2026-04-06 18:07:51,855 DEBUG Ignoring kerberos packet - Not kerb-as-req
2026-04-06 18:07:51,864 DEBUG Ignoring kerberos packet - Not kerb-as-req
2026-04-06 19:56:04,270 INFO kerb-as-req for domain user TRIPWYRE\Administrator
2026-04-06 19:56:04,272 DEBUG Ignoring kerb-as-req for 'TRIPWYRE\Administrator'
2026-04-06 19:56:04,279 DEBUG Ignoring kerberos packet - Not kerb-as-req
2026-04-06 19:56:04,297 INFO kerb-as-req for domain user TRIPWYRE\Administrator
2026-04-06 19:56:04,298 DEBUG Ignoring kerb-as-req for 'TRIPWYRE\Administrator'
2026-04-06 19:56:04,305 DEBUG Ignoring kerberos packet - Not kerb-as-req
2026-04-06 19:56:04,328 DEBUG Ignoring kerberos packet - Not kerb-as-req
2026-04-06 19:56:04,334 DEBUG Ignoring kerberos packet - Not kerb-as-req
2026-04-06 19:56:48,689 DEBUG Ignoring kerberos packet - Not kerb-as-req
2026-04-06 19:56:48,696 DEBUG Ignoring kerberos packet - Not kerb-as-req
2026-04-06 19:56:48,717 DEBUG Ignoring kerberos packet - Not kerb-as-req
2026-04-06 19:56:48,725 DEBUG Ignoring kerberos packet - Not kerb-as-req
2026-04-06 19:57:05,586 INFO kerb-as-req for domain user TRIPWYRE\Administrator
2026-04-06 19:57:05,586 DEBUG Ignoring kerb-as-req for 'TRIPWYRE\Administrator'
2026-04-06 19:57:05,591 DEBUG Ignoring kerberos packet - Not kerb-as-req
2026-04-06 19:57:05,610 INFO kerb-as-req for domain user TRIPWYRE\Administrator
2026-04-06 19:57:05,610 DEBUG Ignoring kerb-as-req for 'TRIPWYRE\Administrator'
2026-04-06 19:57:05,618 DEBUG Ignoring kerberos packet - Not kerb-as-req
2026-04-06 19:57:05,621 DEBUG Ignoring kerberos packet - Not kerb-as-req
2026-04-06 19:57:05,640 DEBUG Ignoring kerberos packet - Not kerb-as-req
2026-04-06 19:57:05,646 DEBUG Ignoring kerberos packet - Not kerb-as-req
2026-04-06 19:57:05,842 DEBUG Ignoring kerberos packet - Not kerb-as-req
2026-04-06 19:57:05,846 DEBUG Ignoring kerberos packet - Not kerb-as-req
2026-04-06 19:57:05,849 DEBUG Ignoring kerberos packet - Not kerb-as-req
2026-04-06 19:57:05,872 DEBUG Ignoring kerberos packet - Not kerb-as-req
2026-04-06 19:57:05,890 DEBUG Ignoring kerberos packet - Not kerb-as-req
2026-04-06 19:57:05,894 DEBUG Ignoring kerberos packet - Not kerb-as-req
2026-04-06 19:57:05,909 DEBUG Ignoring kerberos packet - Not kerb-as-req
2026-04-06 19:58:49,900 INFO kerb-as-req for domain user TRIPWYRE.COM\BackupAdministrator
2026-04-06 19:58:49,901 CRITICAL Honeytoken Kerberos authentication observed for TRIPWYRE.COM\BackupAdministrator
2026-04-06 19:58:52,755 INFO Server configured as master node
2026-04-06 19:58:52,755 INFO Starting DCEPT...
2026-04-06 19:58:52,755 INFO Database contains 8 generated passwords
2026-04-06 19:58:52,758 INFO Starting honeytoken generation server HTTP daemon 0.0.0.0:8087
2026-04-06 19:58:52,758 INFO kerbsniff: Looking for TRIPWYRE.COM\BackupAdministrator on ens160
2026-04-06 19:58:52,758 DEBUG Using selector: EpollSelector
2026-04-06 19:59:10,125 INFO kerb-as-req for domain user TRIPWYRE.COM\BackupAdministrator
2026-04-06 19:59:10,126 CRITICAL Honeytoken Kerberos authentication observed for TRIPWYRE.COM\BackupAdministrator
2026-04-06 19:59:11,625 INFO Server configured as master node
2026-04-06 19:59:11,625 INFO Starting DCEPT...
2026-04-06 19:59:11,625 INFO Database contains 8 generated passwords
2026-04-06 19:59:11,626 INFO Starting honeytoken generation server HTTP daemon 0.0.0.0:8087
2026-04-06 19:59:11,627 INFO kerbsniff: Looking for TRIPWYRE.COM\BackupAdministrator on ens160
2026-04-06 19:59:11,627 DEBUG Using selector: EpollSelector
2026-04-06 20:35:10,355 INFO kerb-as-req for domain user TRIPWYRE\Administrator
2026-04-06 20:35:10,358 DEBUG Ignoring kerb-as-req for 'TRIPWYRE\Administrator'
2026-04-06 20:35:10,362 DEBUG Ignoring kerberos packet - Not kerb-as-req
2026-04-06 20:35:10,379 INFO kerb-as-req for domain user TRIPWYRE\Administrator
2026-04-06 20:35:10,379 DEBUG Ignoring kerb-as-req for 'TRIPWYRE\Administrator'
2026-04-06 20:35:10,384 DEBUG Ignoring kerberos packet - Not kerb-as-req
2026-04-06 20:35:10,405 DEBUG Ignoring kerberos packet - Not kerb-as-req
2026-04-06 20:35:10,410 DEBUG Ignoring kerberos packet - Not kerb-as-req
2026-04-06 20:50:11,064 DEBUG Ignoring kerberos packet - Not kerb-as-req
2026-04-06 20:50:11,079 DEBUG Ignoring kerberos packet - Not kerb-as-req
2026-04-06 22:35:58,835 INFO kerb-as-req for domain user TRIPWYRE.COM\DESKTOP-KEKFC2R$
2026-04-06 22:35:58,836 DEBUG Ignoring kerb-as-req for 'TRIPWYRE.COM\DESKTOP-KEKFC2R$'
2026-04-06 22:35:58,840 DEBUG Ignoring kerberos packet - Not kerb-as-req
2026-04-06 22:35:58,859 INFO kerb-as-req for domain user TRIPWYRE.COM\DESKTOP-KEKFC2R$
2026-04-06 22:35:58,859 DEBUG Ignoring kerb-as-req for 'TRIPWYRE.COM\DESKTOP-KEKFC2R$'
2026-04-06 22:35:58,865 DEBUG Ignoring kerberos packet - Not kerb-as-req
2026-04-06 22:35:58,893 DEBUG Ignoring kerberos packet - Not kerb-as-req
2026-04-06 22:35:58,901 DEBUG Ignoring kerberos packet - Not kerb-as-req
2026-04-07 02:36:03,316 DEBUG Ignoring kerberos packet - Not kerb-as-req
2026-04-07 02:36:03,323 DEBUG Ignoring kerberos packet - Not kerb-as-req
2026-04-07 02:36:03,343 DEBUG Ignoring kerberos packet - Not kerb-as-req
2026-04-07 02:36:03,349 DEBUG Ignoring kerberos packet - Not kerb-as-req
2026-04-07 02:36:03,352 DEBUG Ignoring kerberos packet - Not kerb-as-req
2026-04-07 02:51:03,447 DEBUG Ignoring kerberos packet - Not kerb-as-req
2026-04-07 02:51:03,454 DEBUG Ignoring kerberos packet - Not kerb-as-req
2026-04-07 03:40:58,707 DEBUG Ignoring kerberos packet - Not kerb-as-req
2026-04-07 03:40:58,715 DEBUG Ignoring kerberos packet - Not kerb-as-req
2026-04-07 03:47:51,154 DEBUG Ignoring kerberos packet - Not kerb-as-req
2026-04-07 03:47:51,161 DEBUG Ignoring kerberos packet - Not kerb-as-req
2026-04-07 03:47:51,407 DEBUG Ignoring kerberos packet - Not kerb-as-req
2026-04-07 03:47:51,413 DEBUG Ignoring kerberos packet - Not kerb-as-req
2026-04-07 03:47:51,925 DEBUG Ignoring kerberos packet - Not kerb-as-req
2026-04-07 03:47:51,932 DEBUG Ignoring kerberos packet - Not kerb-as-req
2026-04-07 03:47:51,951 DEBUG Ignoring kerberos packet - Not kerb-as-req
2026-04-07 03:47:51,957 DEBUG Ignoring kerberos packet - Not kerb-as-req
2026-04-07 06:20:09,882 DEBUG Ignoring kerberos packet - Not kerb-as-req
2026-04-07 06:20:09,888 DEBUG Ignoring kerberos packet - Not kerb-as-req
2026-04-07 06:35:58,542 INFO kerb-as-req for domain user TRIPWYRE.COM\DESKTOP-KEKFC2R$
2026-04-07 06:35:58,542 DEBUG Ignoring kerb-as-req for 'TRIPWYRE.COM\DESKTOP-KEKFC2R$'
2026-04-07 06:35:58,547 DEBUG Ignoring kerberos packet - Not kerb-as-req
2026-04-07 06:35:58,567 INFO kerb-as-req for domain user TRIPWYRE.COM\DESKTOP-KEKFC2R$
2026-04-07 06:35:58,568 DEBUG Ignoring kerb-as-req for 'TRIPWYRE.COM\DESKTOP-KEKFC2R$'
2026-04-07 06:35:58,571 DEBUG Ignoring kerberos packet - Not kerb-as-req
2026-04-07 06:35:58,595 DEBUG Ignoring kerberos packet - Not kerb-as-req
2026-04-07 06:35:58,602 DEBUG Ignoring kerberos packet - Not kerb-as-req
2026-04-07 06:45:07,063 DEBUG Ignoring kerberos packet - Not kerb-as-req
2026-04-07 06:45:07,071 DEBUG Ignoring kerberos packet - Not kerb-as-req
2026-04-07 12:06:03,642 DEBUG Ignoring kerberos packet - Not kerb-as-req
2026-04-07 12:06:03,650 DEBUG Ignoring kerberos packet - Not kerb-as-req
2026-04-07 12:06:03,668 DEBUG Ignoring kerberos packet - Not kerb-as-req
2026-04-07 12:06:03,675 DEBUG Ignoring kerberos packet - Not kerb-as-req
2026-04-07 12:21:03,696 DEBUG Ignoring kerberos packet - Not kerb-as-req
2026-04-07 12:21:03,706 DEBUG Ignoring kerberos packet - Not kerb-as-req
2026-04-07 13:25:58,518 DEBUG Ignoring kerberos packet - Not kerb-as-req
2026-04-07 13:25:58,525 DEBUG Ignoring kerberos packet - Not kerb-as-req
2026-04-07 13:27:51,506 DEBUG Ignoring kerberos packet - Not kerb-as-req
2026-04-07 13:27:51,516 DEBUG Ignoring kerberos packet - Not kerb-as-req
2026-04-07 13:27:51,760 DEBUG Ignoring kerberos packet - Not kerb-as-req
2026-04-07 13:27:51,767 DEBUG Ignoring kerberos packet - Not kerb-as-req
2026-04-07 13:27:52,270 DEBUG Ignoring kerberos packet - Not kerb-as-req
2026-04-07 13:27:52,278 DEBUG Ignoring kerberos packet - Not kerb-as-req
2026-04-07 13:27:52,297 DEBUG Ignoring kerberos packet - Not kerb-as-req
2026-04-07 13:27:52,304 DEBUG Ignoring kerberos packet - Not kerb-as-req
2026-04-07 14:35:58,478 INFO kerb-as-req for domain user TRIPWYRE.COM\DESKTOP-KEKFC2R$
2026-04-07 14:35:58,479 DEBUG Ignoring kerb-as-req for 'TRIPWYRE.COM\DESKTOP-KEKFC2R$'
2026-04-07 14:35:58,483 DEBUG Ignoring kerberos packet - Not kerb-as-req
2026-04-07 14:35:58,499 INFO kerb-as-req for domain user TRIPWYRE.COM\DESKTOP-KEKFC2R$
2026-04-07 14:35:58,500 DEBUG Ignoring kerb-as-req for 'TRIPWYRE.COM\DESKTOP-KEKFC2R$'
2026-04-07 14:35:58,504 DEBUG Ignoring kerberos packet - Not kerb-as-req
2026-04-07 14:35:58,523 DEBUG Ignoring kerberos packet - Not kerb-as-req
2026-04-07 14:35:58,528 DEBUG Ignoring kerberos packet - Not kerb-as-req
2026-04-07 16:05:09,686 DEBUG Ignoring kerberos packet - Not kerb-as-req
2026-04-07 16:05:09,699 DEBUG Ignoring kerberos packet - Not kerb-as-req
2026-04-07 17:33:06,867 DEBUG Ignoring kerberos packet - Not kerb-as-req
2026-04-07 17:33:06,873 DEBUG Ignoring kerberos packet - Not kerb-as-req
2026-04-07 17:33:06,881 DEBUG Ignoring kerberos packet - Not kerb-as-req
2026-04-07 17:33:06,883 DEBUG Ignoring kerberos packet - Not kerb-as-req
2026-04-07 21:36:04,053 DEBUG Ignoring kerberos packet - Not kerb-as-req
2026-04-07 21:36:04,058 DEBUG Ignoring kerberos packet - Not kerb-as-req
2026-04-07 21:36:04,060 DEBUG Ignoring kerberos packet - Not kerb-as-req
2026-04-07 21:36:04,086 DEBUG Ignoring kerberos packet - Not kerb-as-req
2026-04-07 21:36:04,093 DEBUG Ignoring kerberos packet - Not kerb-as-req
2026-04-07 21:51:04,245 DEBUG Ignoring kerberos packet - Not kerb-as-req
2026-04-07 21:51:04,249 DEBUG Ignoring kerberos packet - Not kerb-as-req
2026-04-07 21:51:04,251 DEBUG Ignoring kerberos packet - Not kerb-as-req
2026-04-07 22:35:58,829 INFO kerb-as-req for domain user TRIPWYRE.COM\DESKTOP-KEKFC2R$
2026-04-07 22:35:58,830 DEBUG Ignoring kerb-as-req for 'TRIPWYRE.COM\DESKTOP-KEKFC2R$'
2026-04-07 22:35:58,834 DEBUG Ignoring kerberos packet - Not kerb-as-req
2026-04-07 22:35:58,851 INFO kerb-as-req for domain user TRIPWYRE.COM\DESKTOP-KEKFC2R$
2026-04-07 22:35:58,851 DEBUG Ignoring kerb-as-req for 'TRIPWYRE.COM\DESKTOP-KEKFC2R$'
2026-04-07 22:35:58,854 DEBUG Ignoring kerberos packet - Not kerb-as-req
2026-04-07 22:35:58,872 DEBUG Ignoring kerberos packet - Not kerb-as-req
2026-04-07 22:35:58,877 DEBUG Ignoring kerberos packet - Not kerb-as-req
2026-04-07 23:07:51,445 DEBUG Ignoring kerberos packet - Not kerb-as-req
2026-04-07 23:07:51,452 DEBUG Ignoring kerberos packet - Not kerb-as-req
2026-04-07 23:07:51,473 DEBUG Ignoring kerberos packet - Not kerb-as-req
2026-04-07 23:07:51,476 DEBUG Ignoring kerberos packet - Not kerb-as-req
2026-04-07 23:07:51,479 DEBUG Ignoring kerberos packet - Not kerb-as-req
2026-04-07 23:36:05,969 DEBUG Ignoring kerberos packet - Not kerb-as-req
2026-04-07 23:36:05,975 DEBUG Ignoring kerberos packet - Not kerb-as-req
2026-04-08 01:03:51,163 DEBUG Ignoring kerberos packet - Not kerb-as-req
2026-04-08 01:03:51,170 DEBUG Ignoring kerberos packet - Not kerb-as-req
2026-04-08 01:03:51,413 DEBUG Ignoring kerberos packet - Not kerb-as-req
2026-04-08 01:03:51,421 DEBUG Ignoring kerberos packet - Not kerb-as-req
2026-04-08 01:50:09,495 DEBUG Ignoring kerberos packet - Not kerb-as-req
2026-04-08 01:50:09,507 DEBUG Ignoring kerberos packet - Not kerb-as-req
2026-04-08 01:50:09,509 DEBUG Ignoring kerberos packet - Not kerb-as-req
2026-04-08 02:33:07,057 DEBUG Ignoring kerberos packet - Not kerb-as-req
2026-04-08 02:33:07,066 DEBUG Ignoring kerberos packet - Not kerb-as-req
2026-04-08 06:35:58,229 INFO kerb-as-req for domain user TRIPWYRE.COM\DESKTOP-KEKFC2R$
2026-04-08 06:35:58,229 DEBUG Ignoring kerb-as-req for 'TRIPWYRE.COM\DESKTOP-KEKFC2R$'
2026-04-08 06:35:58,233 DEBUG Ignoring kerberos packet - Not kerb-as-req
2026-04-08 06:35:58,238 DEBUG Ignoring kerberos packet - Not kerb-as-req
2026-04-08 06:35:58,250 INFO kerb-as-req for domain user TRIPWYRE.COM\DESKTOP-KEKFC2R$
2026-04-08 06:35:58,250 DEBUG Ignoring kerb-as-req for 'TRIPWYRE.COM\DESKTOP-KEKFC2R$'
2026-04-08 06:35:58,257 DEBUG Ignoring kerberos packet - Not kerb-as-req
2026-04-08 06:35:58,278 DEBUG Ignoring kerberos packet - Not kerb-as-req
2026-04-08 06:35:58,285 DEBUG Ignoring kerberos packet - Not kerb-as-req
2026-04-08 06:35:58,287 DEBUG Ignoring kerberos packet - Not kerb-as-req
2026-04-08 07:06:04,635 DEBUG Ignoring kerberos packet - Not kerb-as-req
2026-04-08 07:06:04,646 DEBUG Ignoring kerberos packet - Not kerb-as-req
2026-04-08 07:06:04,667 DEBUG Ignoring kerberos packet - Not kerb-as-req
2026-04-08 07:06:04,676 DEBUG Ignoring kerberos packet - Not kerb-as-req
2026-04-08 07:21:04,534 DEBUG Ignoring kerberos packet - Not kerb-as-req
2026-04-08 07:21:04,540 DEBUG Ignoring kerberos packet - Not kerb-as-req
2026-04-08 08:47:51,213 DEBUG Ignoring kerberos packet - Not kerb-as-req
2026-04-08 08:47:51,220 DEBUG Ignoring kerberos packet - Not kerb-as-req
2026-04-08 08:47:51,237 DEBUG Ignoring kerberos packet - Not kerb-as-req
2026-04-08 08:47:51,243 DEBUG Ignoring kerberos packet - Not kerb-as-req
2026-04-08 09:36:06,771 DEBUG Ignoring kerberos packet - Not kerb-as-req
2026-04-08 09:36:06,778 DEBUG Ignoring kerberos packet - Not kerb-as-req
2026-04-08 10:43:50,737 DEBUG Ignoring kerberos packet - Not kerb-as-req
2026-04-08 10:43:50,747 DEBUG Ignoring kerberos packet - Not kerb-as-req
2026-04-08 10:43:50,997 DEBUG Ignoring kerberos packet - Not kerb-as-req
2026-04-08 10:43:51,004 DEBUG Ignoring kerberos packet - Not kerb-as-req
2026-04-08 11:35:09,609 DEBUG Ignoring kerberos packet - Not kerb-as-req
2026-04-08 11:35:09,620 DEBUG Ignoring kerberos packet - Not kerb-as-req
2026-04-08 11:35:09,623 DEBUG Ignoring kerberos packet - Not kerb-as-req
2026-04-08 13:21:06,483 DEBUG Ignoring kerberos packet - Not kerb-as-req
2026-04-08 13:21:06,488 DEBUG Ignoring kerberos packet - Not kerb-as-req
2026-04-08 14:35:58,071 INFO kerb-as-req for domain user TRIPWYRE.COM\DESKTOP-KEKFC2R$
2026-04-08 14:35:58,071 DEBUG Ignoring kerb-as-req for 'TRIPWYRE.COM\DESKTOP-KEKFC2R$'
2026-04-08 14:35:58,076 DEBUG Ignoring kerberos packet - Not kerb-as-req
2026-04-08 14:35:58,095 INFO kerb-as-req for domain user TRIPWYRE.COM\DESKTOP-KEKFC2R$
2026-04-08 14:35:58,096 DEBUG Ignoring kerb-as-req for 'TRIPWYRE.COM\DESKTOP-KEKFC2R$'
2026-04-08 14:35:58,100 DEBUG Ignoring kerberos packet - Not kerb-as-req
2026-04-08 14:35:58,118 DEBUG Ignoring kerberos packet - Not kerb-as-req
2026-04-08 14:35:58,127 DEBUG Ignoring kerberos packet - Not kerb-as-req
2026-04-08 16:36:05,434 DEBUG Ignoring kerberos packet - Not kerb-as-req
2026-04-08 16:36:05,441 DEBUG Ignoring kerberos packet - Not kerb-as-req
2026-04-08 16:36:05,461 DEBUG Ignoring kerberos packet - Not kerb-as-req
2026-04-08 16:36:05,469 DEBUG Ignoring kerberos packet - Not kerb-as-req
2026-04-08 16:51:05,555 DEBUG Ignoring kerberos packet - Not kerb-as-req
2026-04-08 16:51:05,563 DEBUG Ignoring kerberos packet - Not kerb-as-req
2026-04-08 17:09:55,862 DEBUG Ignoring kerberos packet - Not kerb-as-req
2026-04-08 17:09:55,873 DEBUG Ignoring kerberos packet - Not kerb-as-req
2026-04-08 17:09:55,875 DEBUG Ignoring kerberos packet - Not kerb-as-req
2026-04-08 18:27:51,438 DEBUG Ignoring kerberos packet - Not kerb-as-req
2026-04-08 18:27:51,444 DEBUG Ignoring kerberos packet - Not kerb-as-req
2026-04-08 18:27:51,462 DEBUG Ignoring kerberos packet - Not kerb-as-req
2026-04-08 18:27:51,467 DEBUG Ignoring kerberos packet - Not kerb-as-req
2026-04-08 18:36:06,926 DEBUG Ignoring kerberos packet - Not kerb-as-req
2026-04-08 18:36:06,931 DEBUG Ignoring kerberos packet - Not kerb-as-req
2026-04-08 20:23:51,280 DEBUG Ignoring kerberos packet - Not kerb-as-req
2026-04-08 20:23:51,291 DEBUG Ignoring kerberos packet - Not kerb-as-req
2026-04-08 20:23:51,293 DEBUG Ignoring kerberos packet - Not kerb-as-req
2026-04-08 20:23:51,825 DEBUG Ignoring kerberos packet - Not kerb-as-req
2026-04-08 20:23:51,833 DEBUG Ignoring kerberos packet - Not kerb-as-req
2026-04-08 21:20:09,074 DEBUG Ignoring kerberos packet - Not kerb-as-req
2026-04-08 21:20:09,082 DEBUG Ignoring kerberos packet - Not kerb-as-req
2026-04-08 22:21:06,357 DEBUG Ignoring kerberos packet - Not kerb-as-req
2026-04-08 22:21:06,365 DEBUG Ignoring kerberos packet - Not kerb-as-req
2026-04-08 22:35:58,579 INFO kerb-as-req for domain user TRIPWYRE.COM\DESKTOP-KEKFC2R$
2026-04-08 22:35:58,580 DEBUG Ignoring kerb-as-req for 'TRIPWYRE.COM\DESKTOP-KEKFC2R$'
2026-04-08 22:35:58,584 DEBUG Ignoring kerberos packet - Not kerb-as-req
2026-04-08 22:35:58,601 INFO kerb-as-req for domain user TRIPWYRE.COM\DESKTOP-KEKFC2R$
2026-04-08 22:35:58,601 DEBUG Ignoring kerb-as-req for 'TRIPWYRE.COM\DESKTOP-KEKFC2R$'
2026-04-08 22:35:58,604 DEBUG Ignoring kerberos packet - Not kerb-as-req
2026-04-08 22:35:58,627 DEBUG Ignoring kerberos packet - Not kerb-as-req
2026-04-08 22:35:58,634 DEBUG Ignoring kerberos packet - Not kerb-as-req
2026-04-09 02:06:06,040 DEBUG Ignoring kerberos packet - Not kerb-as-req
2026-04-09 02:06:06,044 DEBUG Ignoring kerberos packet - Not kerb-as-req
2026-04-09 02:06:06,048 DEBUG Ignoring kerberos packet - Not kerb-as-req
2026-04-09 02:06:06,066 DEBUG Ignoring kerberos packet - Not kerb-as-req
2026-04-09 02:06:06,073 DEBUG Ignoring kerberos packet - Not kerb-as-req
2026-04-09 02:21:05,904 DEBUG Ignoring kerberos packet - Not kerb-as-req
2026-04-09 02:21:05,910 DEBUG Ignoring kerberos packet - Not kerb-as-req
2026-04-09 02:21:05,916 DEBUG Ignoring kerberos packet - Not kerb-as-req
2026-04-09 04:07:51,381 DEBUG Ignoring kerberos packet - Not kerb-as-req
2026-04-09 04:07:51,388 DEBUG Ignoring kerberos packet - Not kerb-as-req
2026-04-09 04:07:51,408 DEBUG Ignoring kerberos packet - Not kerb-as-req
2026-04-09 04:07:51,414 DEBUG Ignoring kerberos packet - Not kerb-as-req
2026-04-09 04:36:07,481 DEBUG Ignoring kerberos packet - Not kerb-as-req
2026-04-09 04:36:07,491 DEBUG Ignoring kerberos packet - Not kerb-as-req
2026-04-09 06:03:50,899 DEBUG Ignoring kerberos packet - Not kerb-as-req
2026-04-09 06:03:50,908 DEBUG Ignoring kerberos packet - Not kerb-as-req
2026-04-09 06:03:51,160 DEBUG Ignoring kerberos packet - Not kerb-as-req
2026-04-09 06:03:51,168 DEBUG Ignoring kerberos packet - Not kerb-as-req
2026-04-09 06:35:57,998 INFO kerb-as-req for domain user TRIPWYRE.COM\DESKTOP-KEKFC2R$
2026-04-09 06:35:57,998 DEBUG Ignoring kerb-as-req for 'TRIPWYRE.COM\DESKTOP-KEKFC2R$'
2026-04-09 06:35:58,002 DEBUG Ignoring kerberos packet - Not kerb-as-req
2026-04-09 06:35:58,018 INFO kerb-as-req for domain user TRIPWYRE.COM\DESKTOP-KEKFC2R$
2026-04-09 06:35:58,018 DEBUG Ignoring kerb-as-req for 'TRIPWYRE.COM\DESKTOP-KEKFC2R$'
2026-04-09 06:35:58,021 DEBUG Ignoring kerberos packet - Not kerb-as-req
2026-04-09 06:35:58,045 DEBUG Ignoring kerberos packet - Not kerb-as-req
2026-04-09 06:35:58,053 DEBUG Ignoring kerberos packet - Not kerb-as-req
2026-04-09 06:35:58,063 DEBUG Ignoring kerberos packet - Not kerb-as-req
2026-04-09 07:05:08,883 DEBUG Ignoring kerberos packet - Not kerb-as-req
2026-04-09 07:05:08,892 DEBUG Ignoring kerberos packet - Not kerb-as-req
2026-04-09 07:21:06,738 DEBUG Ignoring kerberos packet - Not kerb-as-req
2026-04-09 07:21:06,751 DEBUG Ignoring kerberos packet - Not kerb-as-req
2026-04-09 11:36:06,510 DEBUG Ignoring kerberos packet - Not kerb-as-req
2026-04-09 11:36:06,522 DEBUG Ignoring kerberos packet - Not kerb-as-req
2026-04-09 11:36:06,548 DEBUG Ignoring kerberos packet - Not kerb-as-req
2026-04-09 11:36:06,558 DEBUG Ignoring kerberos packet - Not kerb-as-req
2026-04-09 11:51:06,554 DEBUG Ignoring kerberos packet - Not kerb-as-req
2026-04-09 11:51:06,560 DEBUG Ignoring kerberos packet - Not kerb-as-req
2026-04-09 13:47:50,803 DEBUG Ignoring kerberos packet - Not kerb-as-req
2026-04-09 13:47:50,809 DEBUG Ignoring kerberos packet - Not kerb-as-req
2026-04-09 13:47:50,822 DEBUG Ignoring kerberos packet - Not kerb-as-req
2026-04-09 13:47:50,840 DEBUG Ignoring kerberos packet - Not kerb-as-req
2026-04-09 14:33:06,513 DEBUG Ignoring kerberos packet - Not kerb-as-req
2026-04-09 14:33:06,522 DEBUG Ignoring kerberos packet - Not kerb-as-req
2026-04-09 14:35:57,492 INFO kerb-as-req for domain user TRIPWYRE.COM\DESKTOP-KEKFC2R$
2026-04-09 14:35:57,492 DEBUG Ignoring kerb-as-req for 'TRIPWYRE.COM\DESKTOP-KEKFC2R$'
2026-04-09 14:35:57,496 DEBUG Ignoring kerberos packet - Not kerb-as-req
2026-04-09 14:35:57,513 INFO kerb-as-req for domain user TRIPWYRE.COM\DESKTOP-KEKFC2R$
2026-04-09 14:35:57,514 DEBUG Ignoring kerb-as-req for 'TRIPWYRE.COM\DESKTOP-KEKFC2R$'
2026-04-09 14:35:57,520 DEBUG Ignoring kerberos packet - Not kerb-as-req
2026-04-09 14:35:57,542 DEBUG Ignoring kerberos packet - Not kerb-as-req
2026-04-09 14:35:57,550 DEBUG Ignoring kerberos packet - Not kerb-as-req
2026-04-09 15:43:50,425 DEBUG Ignoring kerberos packet - Not kerb-as-req
2026-04-09 15:43:50,431 DEBUG Ignoring kerberos packet - Not kerb-as-req
2026-04-09 15:43:50,677 DEBUG Ignoring kerberos packet - Not kerb-as-req
2026-04-09 15:43:50,685 DEBUG Ignoring kerberos packet - Not kerb-as-req
2026-04-09 16:50:08,731 DEBUG Ignoring kerberos packet - Not kerb-as-req
2026-04-09 16:50:08,738 DEBUG Ignoring kerberos packet - Not kerb-as-req
2026-04-09 18:09:05,779 DEBUG Ignoring kerberos packet - Not kerb-as-req
2026-04-09 18:09:05,792 DEBUG Ignoring kerberos packet - Not kerb-as-req
2026-04-09 18:09:05,794 DEBUG Ignoring kerberos packet - Not kerb-as-req
2026-04-09 21:06:06,994 DEBUG Ignoring kerberos packet - Not kerb-as-req
2026-04-09 21:06:07,001 DEBUG Ignoring kerberos packet - Not kerb-as-req
2026-04-09 21:06:07,020 DEBUG Ignoring kerberos packet - Not kerb-as-req
2026-04-09 21:06:07,028 DEBUG Ignoring kerberos packet - Not kerb-as-req
2026-04-09 21:06:07,030 DEBUG Ignoring kerberos packet - Not kerb-as-req
2026-04-09 21:21:07,027 DEBUG Ignoring kerberos packet - Not kerb-as-req
2026-04-09 21:21:07,033 DEBUG Ignoring kerberos packet - Not kerb-as-req
2026-04-09 22:35:56,818 INFO kerb-as-req for domain user TRIPWYRE.COM\DESKTOP-KEKFC2R$
2026-04-09 22:35:56,819 DEBUG Ignoring kerb-as-req for 'TRIPWYRE.COM\DESKTOP-KEKFC2R$'
2026-04-09 22:35:56,823 DEBUG Ignoring kerberos packet - Not kerb-as-req
2026-04-09 22:35:56,842 INFO kerb-as-req for domain user TRIPWYRE.COM\DESKTOP-KEKFC2R$
2026-04-09 22:35:56,843 DEBUG Ignoring kerb-as-req for 'TRIPWYRE.COM\DESKTOP-KEKFC2R$'
2026-04-09 22:35:56,847 DEBUG Ignoring kerberos packet - Not kerb-as-req
2026-04-09 22:35:56,915 DEBUG Ignoring kerberos packet - Not kerb-as-req
2026-04-09 22:35:56,923 DEBUG Ignoring kerberos packet - Not kerb-as-req
2026-04-09 23:27:51,250 DEBUG Ignoring kerberos packet - Not kerb-as-req
2026-04-09 23:27:51,257 DEBUG Ignoring kerberos packet - Not kerb-as-req
2026-04-09 23:27:51,278 DEBUG Ignoring kerberos packet - Not kerb-as-req
2026-04-09 23:27:51,285 DEBUG Ignoring kerberos packet - Not kerb-as-req
2026-04-09 23:33:06,739 DEBUG Ignoring kerberos packet - Not kerb-as-req
2026-04-09 23:33:06,747 DEBUG Ignoring kerberos packet - Not kerb-as-req
2026-04-09 23:49:17,809 INFO kerb-as-req for domain user TRIPWYRE\Administrator
2026-04-09 23:49:17,810 DEBUG Ignoring kerb-as-req for 'TRIPWYRE\Administrator'
2026-04-09 23:49:17,813 DEBUG Ignoring kerberos packet - Not kerb-as-req
2026-04-09 23:49:17,830 INFO kerb-as-req for domain user TRIPWYRE\Administrator
2026-04-09 23:49:17,830 DEBUG Ignoring kerb-as-req for 'TRIPWYRE\Administrator'
2026-04-09 23:49:17,833 DEBUG Ignoring kerberos packet - Not kerb-as-req
2026-04-09 23:49:17,852 DEBUG Ignoring kerberos packet - Not kerb-as-req
2026-04-09 23:49:17,860 DEBUG Ignoring kerberos packet - Not kerb-as-req
2026-04-10 00:04:18,707 DEBUG Ignoring kerberos packet - Not kerb-as-req
2026-04-10 00:04:18,714 DEBUG Ignoring kerberos packet - Not kerb-as-req
2026-04-10 01:23:50,838 DEBUG Ignoring kerberos packet - Not kerb-as-req
2026-04-10 01:23:50,846 DEBUG Ignoring kerberos packet - Not kerb-as-req
2026-04-10 01:23:51,122 DEBUG Ignoring kerberos packet - Not kerb-as-req
2026-04-10 01:23:51,130 DEBUG Ignoring kerberos packet - Not kerb-as-req
2026-04-10 06:35:57,045 INFO kerb-as-req for domain user TRIPWYRE.COM\DESKTOP-KEKFC2R$
2026-04-10 06:35:57,047 DEBUG Ignoring kerb-as-req for 'TRIPWYRE.COM\DESKTOP-KEKFC2R$'
2026-04-10 06:35:57,050 DEBUG Ignoring kerberos packet - Not kerb-as-req
2026-04-10 06:35:57,065 INFO kerb-as-req for domain user TRIPWYRE.COM\DESKTOP-KEKFC2R$
2026-04-10 06:35:57,066 DEBUG Ignoring kerb-as-req for 'TRIPWYRE.COM\DESKTOP-KEKFC2R$'
2026-04-10 06:35:57,069 DEBUG Ignoring kerberos packet - Not kerb-as-req
2026-04-10 06:35:57,085 DEBUG Ignoring kerberos packet - Not kerb-as-req
2026-04-10 06:35:57,092 DEBUG Ignoring kerberos packet - Not kerb-as-req
2026-04-10 06:36:07,279 DEBUG Ignoring kerberos packet - Not kerb-as-req
2026-04-10 06:36:07,285 DEBUG Ignoring kerberos packet - Not kerb-as-req
2026-04-10 06:36:07,305 DEBUG Ignoring kerberos packet - Not kerb-as-req
2026-04-10 06:36:07,312 DEBUG Ignoring kerberos packet - Not kerb-as-req
2026-04-10 06:51:07,346 DEBUG Ignoring kerberos packet - Not kerb-as-req
2026-04-10 06:51:07,352 DEBUG Ignoring kerberos packet - Not kerb-as-req
2026-04-10 09:07:51,062 DEBUG Ignoring kerberos packet - Not kerb-as-req
2026-04-10 09:07:51,070 DEBUG Ignoring kerberos packet - Not kerb-as-req
2026-04-10 09:07:51,089 DEBUG Ignoring kerberos packet - Not kerb-as-req
2026-04-10 09:07:51,096 DEBUG Ignoring kerberos packet - Not kerb-as-req
2026-04-10 09:34:17,328 DEBUG Ignoring kerberos packet - Not kerb-as-req
2026-04-10 09:34:17,336 DEBUG Ignoring kerberos packet - Not kerb-as-req
2026-04-10 09:36:08,854 DEBUG Ignoring kerberos packet - Not kerb-as-req
2026-04-10 09:36:08,862 DEBUG Ignoring kerberos packet - Not kerb-as-req
2026-04-10 09:53:22,447 DEBUG Ignoring kerberos packet - Not kerb-as-req
2026-04-10 09:53:22,452 DEBUG Ignoring kerberos packet - Not kerb-as-req
2026-04-10 11:03:50,478 DEBUG Ignoring kerberos packet - Not kerb-as-req
2026-04-10 11:03:50,488 DEBUG Ignoring kerberos packet - Not kerb-as-req
2026-04-10 11:03:50,993 DEBUG Ignoring kerberos packet - Not kerb-as-req
2026-04-10 11:03:50,999 DEBUG Ignoring kerberos packet - Not kerb-as-req
2026-04-10 14:35:57,168 INFO kerb-as-req for domain user TRIPWYRE.COM\DESKTOP-KEKFC2R$
2026-04-10 14:35:57,169 DEBUG Ignoring kerb-as-req for 'TRIPWYRE.COM\DESKTOP-KEKFC2R$'
2026-04-10 14:35:57,173 DEBUG Ignoring kerberos packet - Not kerb-as-req
2026-04-10 14:35:57,188 INFO kerb-as-req for domain user TRIPWYRE.COM\DESKTOP-KEKFC2R$
2026-04-10 14:35:57,189 DEBUG Ignoring kerb-as-req for 'TRIPWYRE.COM\DESKTOP-KEKFC2R$'
2026-04-10 14:35:57,193 DEBUG Ignoring kerberos packet - Not kerb-as-req
2026-04-10 14:35:57,213 DEBUG Ignoring kerberos packet - Not kerb-as-req
2026-04-10 14:35:57,220 DEBUG Ignoring kerberos packet - Not kerb-as-req
2026-04-10 16:06:08,016 DEBUG Ignoring kerberos packet - Not kerb-as-req
2026-04-10 16:06:08,027 DEBUG Ignoring kerberos packet - Not kerb-as-req
2026-04-10 16:06:08,051 DEBUG Ignoring kerberos packet - Not kerb-as-req
2026-04-10 16:06:08,054 DEBUG Ignoring kerberos packet - Not kerb-as-req
2026-04-10 16:06:08,057 DEBUG Ignoring kerberos packet - Not kerb-as-req
2026-04-10 16:21:07,919 DEBUG Ignoring kerberos packet - Not kerb-as-req
2026-04-10 16:21:07,926 DEBUG Ignoring kerberos packet - Not kerb-as-req
2026-04-10 18:47:50,165 DEBUG Ignoring kerberos packet - Not kerb-as-req
2026-04-10 18:47:50,172 DEBUG Ignoring kerberos packet - Not kerb-as-req
2026-04-10 18:47:50,191 DEBUG Ignoring kerberos packet - Not kerb-as-req
2026-04-10 18:47:50,196 DEBUG Ignoring kerberos packet - Not kerb-as-req
2026-04-10 19:19:17,424 DEBUG Ignoring kerberos packet - Not kerb-as-req
2026-04-10 19:19:17,431 DEBUG Ignoring kerberos packet - Not kerb-as-req
2026-04-10 19:21:06,068 DEBUG Ignoring kerberos packet - Not kerb-as-req
2026-04-10 19:21:06,075 DEBUG Ignoring kerberos packet - Not kerb-as-req
2026-04-10 19:21:06,328 DEBUG Ignoring kerberos packet - Not kerb-as-req
2026-04-10 19:21:06,335 DEBUG Ignoring kerberos packet - Not kerb-as-req
2026-04-10 20:43:49,814 DEBUG Ignoring kerberos packet - Not kerb-as-req
2026-04-10 20:43:49,822 DEBUG Ignoring kerberos packet - Not kerb-as-req
2026-04-10 20:43:50,066 DEBUG Ignoring kerberos packet - Not kerb-as-req
2026-04-10 20:43:50,072 DEBUG Ignoring kerberos packet - Not kerb-as-req
2026-04-10 22:35:57,201 INFO kerb-as-req for domain user TRIPWYRE.COM\DESKTOP-KEKFC2R$
2026-04-10 22:35:57,201 DEBUG Ignoring kerb-as-req for 'TRIPWYRE.COM\DESKTOP-KEKFC2R$'
2026-04-10 22:35:57,206 DEBUG Ignoring kerberos packet - Not kerb-as-req
2026-04-10 22:35:57,228 INFO kerb-as-req for domain user TRIPWYRE.COM\DESKTOP-KEKFC2R$
2026-04-10 22:35:57,228 DEBUG Ignoring kerb-as-req for 'TRIPWYRE.COM\DESKTOP-KEKFC2R$'
2026-04-10 22:35:57,233 DEBUG Ignoring kerberos packet - Not kerb-as-req
2026-04-10 22:35:57,259 DEBUG Ignoring kerberos packet - Not kerb-as-req
2026-04-10 22:35:57,267 DEBUG Ignoring kerberos packet - Not kerb-as-req
2026-04-11 01:36:08,569 DEBUG Ignoring kerberos packet - Not kerb-as-req
2026-04-11 01:36:08,580 DEBUG Ignoring kerberos packet - Not kerb-as-req
2026-04-11 01:36:08,600 DEBUG Ignoring kerberos packet - Not kerb-as-req
2026-04-11 01:36:08,605 DEBUG Ignoring kerberos packet - Not kerb-as-req
2026-04-11 01:51:08,559 DEBUG Ignoring kerberos packet - Not kerb-as-req
2026-04-11 01:51:08,567 DEBUG Ignoring kerberos packet - Not kerb-as-req
2026-04-11 04:27:50,869 DEBUG Ignoring kerberos packet - Not kerb-as-req
2026-04-11 04:27:50,875 DEBUG Ignoring kerberos packet - Not kerb-as-req
2026-04-11 04:27:50,897 DEBUG Ignoring kerberos packet - Not kerb-as-req
2026-04-11 04:27:50,904 DEBUG Ignoring kerberos packet - Not kerb-as-req
2026-04-11 04:36:10,289 DEBUG Ignoring kerberos packet - Not kerb-as-req
2026-04-11 04:36:10,295 DEBUG Ignoring kerberos packet - Not kerb-as-req
2026-04-11 04:36:10,298 DEBUG Ignoring kerberos packet - Not kerb-as-req
2026-04-11 05:04:17,268 DEBUG Ignoring kerberos packet - Not kerb-as-req
2026-04-11 05:04:17,275 DEBUG Ignoring kerberos packet - Not kerb-as-req
2026-04-11 05:38:10,997 DEBUG Ignoring kerberos packet - Not kerb-as-req
2026-04-11 05:38:11,004 DEBUG Ignoring kerberos packet - Not kerb-as-req
2026-04-11 06:23:50,416 DEBUG Ignoring kerberos packet - Not kerb-as-req
2026-04-11 06:23:50,425 DEBUG Ignoring kerberos packet - Not kerb-as-req
2026-04-11 06:23:50,676 DEBUG Ignoring kerberos packet - Not kerb-as-req
2026-04-11 06:23:50,683 DEBUG Ignoring kerberos packet - Not kerb-as-req
2026-04-11 06:35:56,814 INFO kerb-as-req for domain user TRIPWYRE.COM\DESKTOP-KEKFC2R$
2026-04-11 06:35:56,814 DEBUG Ignoring kerb-as-req for 'TRIPWYRE.COM\DESKTOP-KEKFC2R$'
2026-04-11 06:35:56,819 DEBUG Ignoring kerberos packet - Not kerb-as-req
2026-04-11 06:35:56,835 INFO kerb-as-req for domain user TRIPWYRE.COM\DESKTOP-KEKFC2R$
2026-04-11 06:35:56,835 DEBUG Ignoring kerb-as-req for 'TRIPWYRE.COM\DESKTOP-KEKFC2R$'
2026-04-11 06:35:56,838 DEBUG Ignoring kerberos packet - Not kerb-as-req
2026-04-11 06:35:56,857 DEBUG Ignoring kerberos packet - Not kerb-as-req
2026-04-11 06:35:56,863 DEBUG Ignoring kerberos packet - Not kerb-as-req
2026-04-11 11:06:09,168 DEBUG Ignoring kerberos packet - Not kerb-as-req
2026-04-11 11:06:09,177 DEBUG Ignoring kerberos packet - Not kerb-as-req
2026-04-11 11:06:09,197 DEBUG Ignoring kerberos packet - Not kerb-as-req
2026-04-11 11:06:09,204 DEBUG Ignoring kerberos packet - Not kerb-as-req
2026-04-11 11:21:09,232 DEBUG Ignoring kerberos packet - Not kerb-as-req
2026-04-11 11:21:09,241 DEBUG Ignoring kerberos packet - Not kerb-as-req
2026-04-11 14:07:50,450 DEBUG Ignoring kerberos packet - Not kerb-as-req
2026-04-11 14:07:50,454 DEBUG Ignoring kerberos packet - Not kerb-as-req
2026-04-11 14:07:50,459 DEBUG Ignoring kerberos packet - Not kerb-as-req
2026-04-11 14:07:50,480 DEBUG Ignoring kerberos packet - Not kerb-as-req
2026-04-11 14:07:50,487 DEBUG Ignoring kerberos packet - Not kerb-as-req
2026-04-11 14:35:56,825 DEBUG Ignoring kerberos packet - Not kerb-as-req
2026-04-11 14:35:56,832 DEBUG Ignoring kerberos packet - Not kerb-as-req
2026-04-11 14:35:56,853 INFO kerb-as-req for domain user TRIPWYRE.COM\DESKTOP-KEKFC2R$
2026-04-11 14:35:56,853 DEBUG Ignoring kerb-as-req for 'TRIPWYRE.COM\DESKTOP-KEKFC2R$'
2026-04-11 14:35:56,857 DEBUG Ignoring kerberos packet - Not kerb-as-req
2026-04-11 14:35:56,874 INFO kerb-as-req for domain user TRIPWYRE.COM\DESKTOP-KEKFC2R$
2026-04-11 14:35:56,874 DEBUG Ignoring kerb-as-req for 'TRIPWYRE.COM\DESKTOP-KEKFC2R$'
2026-04-11 14:35:56,879 DEBUG Ignoring kerberos packet - Not kerb-as-req
2026-04-11 14:35:56,900 DEBUG Ignoring kerberos packet - Not kerb-as-req
2026-04-11 14:35:56,906 DEBUG Ignoring kerberos packet - Not kerb-as-req
2026-04-11 14:49:17,072 DEBUG Ignoring kerberos packet - Not kerb-as-req
2026-04-11 14:49:17,081 DEBUG Ignoring kerberos packet - Not kerb-as-req
2026-04-11 15:04:22,837 DEBUG Ignoring kerberos packet - Not kerb-as-req
2026-04-11 15:04:22,845 DEBUG Ignoring kerberos packet - Not kerb-as-req
2026-04-11 16:03:50,101 DEBUG Ignoring kerberos packet - Not kerb-as-req
2026-04-11 16:03:50,109 DEBUG Ignoring kerberos packet - Not kerb-as-req
2026-04-11 16:03:50,354 DEBUG Ignoring kerberos packet - Not kerb-as-req
2026-04-11 16:03:50,363 DEBUG Ignoring kerberos packet - Not kerb-as-req
2026-04-11 19:40:04,050 INFO kerb-as-req for domain user TRIPWYRE\Administrator
2026-04-11 19:40:04,052 DEBUG Ignoring kerb-as-req for 'TRIPWYRE\Administrator'
2026-04-11 19:40:04,067 DEBUG Ignoring kerberos packet - Not kerb-as-req
2026-04-11 19:40:04,092 INFO kerb-as-req for domain user TRIPWYRE\Administrator
2026-04-11 19:40:04,093 DEBUG Ignoring kerb-as-req for 'TRIPWYRE\Administrator'
2026-04-11 19:40:04,100 DEBUG Ignoring kerberos packet - Not kerb-as-req
2026-04-11 19:40:04,106 DEBUG Ignoring kerberos packet - Not kerb-as-req
2026-04-11 19:40:04,124 DEBUG Ignoring kerberos packet - Not kerb-as-req
2026-04-11 19:40:04,133 DEBUG Ignoring kerberos packet - Not kerb-as-req
2026-04-11 19:55:04,569 DEBUG Ignoring kerberos packet - Not kerb-as-req
2026-04-11 19:55:04,583 DEBUG Ignoring kerberos packet - Not kerb-as-req
2026-04-11 20:36:09,821 DEBUG Ignoring kerberos packet - Not kerb-as-req
2026-04-11 20:36:09,830 DEBUG Ignoring kerberos packet - Not kerb-as-req
2026-04-11 20:36:09,844 DEBUG Ignoring kerberos packet - Not kerb-as-req
2026-04-11 20:36:09,852 DEBUG Ignoring kerberos packet - Not kerb-as-req
2026-04-11 20:47:20,501 INFO kerb-as-req for domain user TRIPWYRE.COM\BackupAdministrator
2026-04-11 20:47:20,502 CRITICAL Honeytoken Kerberos authentication observed for TRIPWYRE.COM\BackupAdministrator
2026-04-11 20:47:23,005 INFO Server configured as master node
2026-04-11 20:47:23,005 INFO Starting DCEPT...
2026-04-11 20:47:23,006 INFO Database contains 9 generated passwords
2026-04-11 20:47:23,008 INFO Starting honeytoken generation server HTTP daemon 0.0.0.0:8087
2026-04-11 20:47:23,009 INFO kerbsniff: Looking for TRIPWYRE.COM\BackupAdministrator on ens160
2026-04-11 20:47:23,009 DEBUG Using selector: EpollSelector
2026-04-11 20:49:17,650 INFO kerb-as-req for domain user TRIPWYRE.COM\BackupAdministrator
2026-04-11 20:49:17,655 CRITICAL Honeytoken Kerberos authentication observed for TRIPWYRE.COM\BackupAdministrator
2026-04-11 20:49:19,385 INFO Server configured as master node
2026-04-11 20:49:19,386 INFO Starting DCEPT...
2026-04-11 20:49:19,388 INFO Database contains 9 generated passwords
2026-04-11 20:49:19,389 INFO Starting honeytoken generation server HTTP daemon 0.0.0.0:8087
2026-04-11 20:49:19,391 INFO kerbsniff: Looking for TRIPWYRE.COM\BackupAdministrator on ens160
2026-04-11 20:49:19,393 DEBUG Using selector: EpollSelector
2026-04-11 20:50:02,808 INFO kerb-as-req for domain user TRIPWYRE.COM\BackupAdministrator
2026-04-11 20:50:02,809 CRITICAL Honeytoken Kerberos authentication observed for TRIPWYRE.COM\BackupAdministrator
2026-04-11 20:50:04,330 INFO Server configured as master node
2026-04-11 20:50:04,331 INFO Starting DCEPT...
2026-04-11 20:50:04,331 INFO Database contains 9 generated passwords
2026-04-11 20:50:04,332 INFO Starting honeytoken generation server HTTP daemon 0.0.0.0:8087
2026-04-11 20:50:04,333 INFO kerbsniff: Looking for TRIPWYRE.COM\BackupAdministrator on ens160
2026-04-11 20:50:04,333 DEBUG Using selector: EpollSelector
2026-04-11 20:50:38,030 INFO kerb-as-req for domain user TRIPWYRE.COM\BackupAdministrator
2026-04-11 20:50:38,030 CRITICAL Honeytoken Kerberos authentication observed for TRIPWYRE.COM\BackupAdministrator
2026-04-11 20:50:39,465 INFO Server configured as master node
2026-04-11 20:50:39,466 INFO Starting DCEPT...
2026-04-11 20:50:39,466 INFO Database contains 10 generated passwords
2026-04-11 20:50:39,467 INFO Starting honeytoken generation server HTTP daemon 0.0.0.0:8087
2026-04-11 20:50:39,467 INFO kerbsniff: Looking for TRIPWYRE.COM\BackupAdministrator on ens160
2026-04-11 20:50:39,468 DEBUG Using selector: EpollSelector
2026-04-11 20:51:09,982 DEBUG Ignoring kerberos packet - Not kerb-as-req
2026-04-11 20:51:09,994 DEBUG Ignoring kerberos packet - Not kerb-as-req
2026-04-11 20:51:10,491 INFO kerb-as-req for domain user TRIPWYRE.COM\BackupAdministrator
2026-04-11 20:51:10,493 CRITICAL Honeytoken Kerberos authentication observed for TRIPWYRE.COM\BackupAdministrator
2026-04-11 20:51:12,132 INFO Server configured as master node
2026-04-11 20:51:12,132 INFO Starting DCEPT...
2026-04-11 20:51:12,132 INFO Database contains 10 generated passwords
2026-04-11 20:51:12,133 INFO Starting honeytoken generation server HTTP daemon 0.0.0.0:8087
2026-04-11 20:51:12,133 INFO kerbsniff: Looking for TRIPWYRE.COM\BackupAdministrator on ens160
2026-04-11 20:51:12,134 DEBUG Using selector: EpollSelector
2026-04-11 20:58:55,000 INFO kerb-as-req for domain user TRIPWYRE.COM\Administrator
2026-04-11 20:58:55,002 DEBUG Ignoring kerb-as-req for 'TRIPWYRE.COM\Administrator'
2026-04-11 20:58:55,004 DEBUG Ignoring kerberos packet - Not kerb-as-req
2026-04-11 20:58:55,019 INFO kerb-as-req for domain user TRIPWYRE.COM\Administrator
2026-04-11 20:58:55,020 DEBUG Ignoring kerb-as-req for 'TRIPWYRE.COM\Administrator'
2026-04-11 20:58:55,025 DEBUG Ignoring kerberos packet - Not kerb-as-req
2026-04-11 20:58:55,042 DEBUG Ignoring kerberos packet - Not kerb-as-req
2026-04-11 20:58:55,050 DEBUG Ignoring kerberos packet - Not kerb-as-req
2026-04-11 21:39:39,274 DEBUG Ignoring kerberos packet - Not kerb-as-req
2026-04-11 21:39:39,285 DEBUG Ignoring kerberos packet - Not kerb-as-req
2026-04-11 21:46:09,300 INFO kerb-as-req for domain user TRIPWYRE.COM\BackupAdministrator
2026-04-11 21:46:09,300 CRITICAL Honeytoken Kerberos authentication observed for TRIPWYRE.COM\BackupAdministrator
2026-04-11 21:46:11,257 INFO Server configured as master node
2026-04-11 21:46:11,258 INFO Starting DCEPT...
2026-04-11 21:46:11,268 INFO Database contains 11 generated passwords
2026-04-11 21:46:11,272 INFO Starting honeytoken generation server HTTP daemon 0.0.0.0:8087
2026-04-11 21:46:11,273 INFO kerbsniff: Looking for TRIPWYRE.COM\BackupAdministrator on ens160
2026-04-11 21:46:11,273 DEBUG Using selector: EpollSelector
2026-04-11 21:48:01,564 INFO kerb-as-req for domain user TRIPWYRE.COM\BackupAdministrator
2026-04-11 21:48:01,566 CRITICAL Honeytoken Kerberos authentication observed for TRIPWYRE.COM\BackupAdministrator
2026-04-11 21:48:03,135 INFO Server configured as master node
2026-04-11 21:48:03,135 INFO Starting DCEPT...
2026-04-11 21:48:03,136 INFO Database contains 11 generated passwords
2026-04-11 21:48:03,136 INFO Starting honeytoken generation server HTTP daemon 0.0.0.0:8087
2026-04-11 21:48:03,137 INFO kerbsniff: Looking for TRIPWYRE.COM\BackupAdministrator on ens160
2026-04-11 21:48:03,138 DEBUG Using selector: EpollSelector
2026-04-11 22:35:56,791 INFO kerb-as-req for domain user TRIPWYRE.COM\DESKTOP-KEKFC2R$
2026-04-11 22:35:56,792 DEBUG Ignoring kerb-as-req for 'TRIPWYRE.COM\DESKTOP-KEKFC2R$'
2026-04-11 22:35:56,799 DEBUG Ignoring kerberos packet - Not kerb-as-req
2026-04-11 22:35:56,822 INFO kerb-as-req for domain user TRIPWYRE.COM\DESKTOP-KEKFC2R$
2026-04-11 22:35:56,823 DEBUG Ignoring kerb-as-req for 'TRIPWYRE.COM\DESKTOP-KEKFC2R$'
2026-04-11 22:35:56,827 DEBUG Ignoring kerberos packet - Not kerb-as-req
2026-04-11 22:35:56,845 DEBUG Ignoring kerberos packet - Not kerb-as-req
2026-04-11 22:35:56,851 DEBUG Ignoring kerberos packet - Not kerb-as-req
2026-04-11 23:47:49,969 DEBUG Ignoring kerberos packet - Not kerb-as-req
2026-04-11 23:47:49,986 DEBUG Ignoring kerberos packet - Not kerb-as-req
2026-04-11 23:47:49,988 DEBUG Ignoring kerberos packet - Not kerb-as-req
2026-04-11 23:47:50,000 DEBUG Ignoring kerberos packet - Not kerb-as-req
2026-04-11 23:47:50,008 DEBUG Ignoring kerberos packet - Not kerb-as-req
2026-04-12 00:09:05,334 DEBUG Ignoring kerberos packet - Not kerb-as-req
2026-04-12 00:09:05,342 DEBUG Ignoring kerberos packet - Not kerb-as-req
2026-04-12 01:43:49,719 DEBUG Ignoring kerberos packet - Not kerb-as-req
2026-04-12 01:43:49,727 DEBUG Ignoring kerberos packet - Not kerb-as-req
2026-04-12 01:43:49,999 DEBUG Ignoring kerberos packet - Not kerb-as-req
2026-04-12 01:43:50,005 DEBUG Ignoring kerberos packet - Not kerb-as-req
2026-04-12 06:06:14,488 DEBUG Ignoring kerberos packet - Not kerb-as-req
2026-04-12 06:06:14,494 DEBUG Ignoring kerberos packet - Not kerb-as-req
2026-04-12 06:06:14,521 DEBUG Ignoring kerberos packet - Not kerb-as-req
2026-04-12 06:06:14,527 DEBUG Ignoring kerberos packet - Not kerb-as-req
2026-04-12 06:21:14,229 DEBUG Ignoring kerberos packet - Not kerb-as-req
2026-04-12 06:35:56,461 INFO kerb-as-req for domain user TRIPWYRE.COM\DESKTOP-KEKFC2R$
2026-04-12 06:35:56,462 DEBUG Ignoring kerb-as-req for 'TRIPWYRE.COM\DESKTOP-KEKFC2R$'
2026-04-12 06:35:56,465 DEBUG Ignoring kerberos packet - Not kerb-as-req
2026-04-12 06:35:56,479 INFO kerb-as-req for domain user TRIPWYRE.COM\DESKTOP-KEKFC2R$
2026-04-12 06:35:56,480 DEBUG Ignoring kerb-as-req for 'TRIPWYRE.COM\DESKTOP-KEKFC2R$'
2026-04-12 06:35:56,483 DEBUG Ignoring kerberos packet - Not kerb-as-req
2026-04-12 06:35:56,505 DEBUG Ignoring kerberos packet - Not kerb-as-req
2026-04-12 06:43:54,546 DEBUG Ignoring kerberos packet - Not kerb-as-req
2026-04-12 06:43:54,553 DEBUG Ignoring kerberos packet - Not kerb-as-req
2026-04-12 07:21:05,671 DEBUG Ignoring kerberos packet - Not kerb-as-req
2026-04-12 07:21:05,686 DEBUG Ignoring kerberos packet - Not kerb-as-req
2026-04-12 09:27:50,355 DEBUG Ignoring kerberos packet - Not kerb-as-req
2026-04-12 09:27:50,360 DEBUG Ignoring kerberos packet - Not kerb-as-req
2026-04-12 09:27:50,373 DEBUG Ignoring kerberos packet - Not kerb-as-req
2026-04-12 09:27:50,377 DEBUG Ignoring kerberos packet - Not kerb-as-req
2026-04-12 09:27:50,386 DEBUG Ignoring kerberos packet - Not kerb-as-req
2026-04-12 09:27:50,405 DEBUG Ignoring kerberos packet - Not kerb-as-req
2026-04-12 09:36:11,739 DEBUG Ignoring kerberos packet - Not kerb-as-req
2026-04-12 09:36:11,742 DEBUG Ignoring kerberos packet - Not kerb-as-req
2026-04-12 11:23:49,491 DEBUG Ignoring kerberos packet - Not kerb-as-req
2026-04-12 11:23:49,817 DEBUG Ignoring kerberos packet - Not kerb-as-req
2026-04-12 14:35:56,439 INFO kerb-as-req for domain user TRIPWYRE.COM\DESKTOP-KEKFC2R$
2026-04-12 14:35:56,440 DEBUG Ignoring kerb-as-req for 'TRIPWYRE.COM\DESKTOP-KEKFC2R$'
2026-04-12 14:35:56,445 DEBUG Ignoring kerberos packet - Not kerb-as-req
2026-04-12 14:35:56,464 INFO kerb-as-req for domain user TRIPWYRE.COM\DESKTOP-KEKFC2R$
2026-04-12 14:35:56,465 DEBUG Ignoring kerb-as-req for 'TRIPWYRE.COM\DESKTOP-KEKFC2R$'
2026-04-12 14:35:56,470 DEBUG Ignoring kerberos packet - Not kerb-as-req
2026-04-12 14:35:56,504 DEBUG Ignoring kerberos packet - Not kerb-as-req
2026-04-12 15:36:14,619 DEBUG Ignoring kerberos packet - Not kerb-as-req
2026-04-12 15:36:14,645 DEBUG Ignoring kerberos packet - Not kerb-as-req
2026-04-12 15:36:14,660 DEBUG Ignoring kerberos packet - Not kerb-as-req
2026-04-12 15:51:14,617 DEBUG Ignoring kerberos packet - Not kerb-as-req
2026-04-12 16:28:53,724 DEBUG Ignoring kerberos packet - Not kerb-as-req
2026-04-12 16:28:53,726 DEBUG Ignoring kerberos packet - Not kerb-as-req
2026-04-12 17:42:00,564 DEBUG Ignoring kerberos packet - Not kerb-as-req
2026-04-12 17:42:00,577 DEBUG Ignoring kerberos packet - Not kerb-as-req
2026-04-12 19:07:49,849 DEBUG Ignoring kerberos packet - Not kerb-as-req
2026-04-12 19:07:49,861 DEBUG Ignoring kerberos packet - Not kerb-as-req
2026-04-12 19:07:49,864 DEBUG Ignoring kerberos packet - Not kerb-as-req
2026-04-12 19:07:49,886 DEBUG Ignoring kerberos packet - Not kerb-as-req
2026-04-12 19:07:49,896 DEBUG Ignoring kerberos packet - Not kerb-as-req
2026-04-12 19:36:12,051 DEBUG Ignoring kerberos packet - Not kerb-as-req
2026-04-12 19:36:12,060 DEBUG Ignoring kerberos packet - Not kerb-as-req
2026-04-12 21:03:49,490 DEBUG Ignoring kerberos packet - Not kerb-as-req
2026-04-12 21:03:49,498 DEBUG Ignoring kerberos packet - Not kerb-as-req
2026-04-12 21:03:50,002 DEBUG Ignoring kerberos packet - Not kerb-as-req
2026-04-12 21:03:50,010 DEBUG Ignoring kerberos packet - Not kerb-as-req
2026-04-12 21:36:15,251 INFO kerb-as-req for domain user TRIPWYRE.COM\desktop-kekfc2r$
2026-04-12 21:36:15,252 DEBUG Ignoring kerb-as-req for 'TRIPWYRE.COM\desktop-kekfc2r$'
2026-04-12 21:36:15,257 DEBUG Ignoring kerberos packet - Not kerb-as-req
2026-04-12 21:36:15,277 INFO kerb-as-req for domain user TRIPWYRE.COM\desktop-kekfc2r$
2026-04-12 21:36:15,277 DEBUG Ignoring kerb-as-req for 'TRIPWYRE.COM\desktop-kekfc2r$'
2026-04-12 21:36:15,282 DEBUG Ignoring kerberos packet - Not kerb-as-req
2026-04-12 21:36:15,305 DEBUG Ignoring kerberos packet - Not kerb-as-req
2026-04-12 21:36:15,311 DEBUG Ignoring kerberos packet - Not kerb-as-req
2026-04-12 21:51:15,122 DEBUG Ignoring kerberos packet - Not kerb-as-req
2026-04-12 21:51:15,130 DEBUG Ignoring kerberos packet - Not kerb-as-req
2026-04-12 22:35:56,658 INFO kerb-as-req for domain user TRIPWYRE.COM\desktop-kekfc2r$
2026-04-12 22:35:56,659 DEBUG Ignoring kerb-as-req for 'TRIPWYRE.COM\desktop-kekfc2r$'
2026-04-12 22:35:56,661 DEBUG Ignoring kerberos packet - Not kerb-as-req
2026-04-12 22:35:56,677 INFO kerb-as-req for domain user TRIPWYRE.COM\desktop-kekfc2r$
2026-04-12 22:35:56,678 DEBUG Ignoring kerb-as-req for 'TRIPWYRE.COM\desktop-kekfc2r$'
2026-04-12 22:35:56,683 DEBUG Ignoring kerberos packet - Not kerb-as-req
2026-04-12 22:35:56,706 DEBUG Ignoring kerberos packet - Not kerb-as-req
2026-04-12 22:35:56,711 DEBUG Ignoring kerberos packet - Not kerb-as-req
2026-04-12 22:35:56,947 INFO kerb-as-req for domain user TRIPWYRE.COM\DESKTOP-KEKFC2R$
2026-04-12 22:35:56,947 DEBUG Ignoring kerb-as-req for 'TRIPWYRE.COM\DESKTOP-KEKFC2R$'
2026-04-12 22:35:56,952 DEBUG Ignoring kerberos packet - Not kerb-as-req
2026-04-12 22:35:56,971 INFO kerb-as-req for domain user TRIPWYRE.COM\DESKTOP-KEKFC2R$
2026-04-12 22:35:56,971 DEBUG Ignoring kerb-as-req for 'TRIPWYRE.COM\DESKTOP-KEKFC2R$'
2026-04-12 22:35:56,974 DEBUG Ignoring kerberos packet - Not kerb-as-req
2026-04-12 22:35:56,996 DEBUG Ignoring kerberos packet - Not kerb-as-req
2026-04-12 22:35:57,005 DEBUG Ignoring kerberos packet - Not kerb-as-req
2026-04-12 22:59:49,331 DEBUG Ignoring kerberos packet - Not kerb-as-req
2026-04-12 22:59:49,336 DEBUG Ignoring kerberos packet - Not kerb-as-req
2026-04-12 22:59:49,840 DEBUG Ignoring kerberos packet - Not kerb-as-req
2026-04-12 22:59:49,851 DEBUG Ignoring kerberos packet - Not kerb-as-req
2026-04-12 22:59:49,853 DEBUG Ignoring kerberos packet - Not kerb-as-req
2026-04-12 22:59:49,872 DEBUG Ignoring kerberos packet - Not kerb-as-req
2026-04-12 22:59:49,881 DEBUG Ignoring kerberos packet - Not kerb-as-req
2026-04-13 02:13:52,886 DEBUG Ignoring kerberos packet - Not kerb-as-req
2026-04-13 02:13:53,605 DEBUG Ignoring kerberos packet - Not kerb-as-req
2026-04-13 03:09:05,325 DEBUG Ignoring kerberos packet - Not kerb-as-req
2026-04-13 03:09:05,351 DEBUG Ignoring kerberos packet - Not kerb-as-req
2026-04-13 03:09:05,356 DEBUG Ignoring kerberos packet - Not kerb-as-req
2026-04-13 06:35:57,011 INFO kerb-as-req for domain user TRIPWYRE.COM\DESKTOP-KEKFC2R$
2026-04-13 06:35:57,012 DEBUG Ignoring kerb-as-req for 'TRIPWYRE.COM\DESKTOP-KEKFC2R$'
2026-04-13 06:35:57,018 DEBUG Ignoring kerberos packet - Not kerb-as-req
2026-04-13 06:35:57,040 INFO kerb-as-req for domain user TRIPWYRE.COM\DESKTOP-KEKFC2R$
2026-04-13 06:35:57,041 DEBUG Ignoring kerb-as-req for 'TRIPWYRE.COM\DESKTOP-KEKFC2R$'
2026-04-13 06:35:57,044 DEBUG Ignoring kerberos packet - Not kerb-as-req
2026-04-13 06:35:57,068 DEBUG Ignoring kerberos packet - Not kerb-as-req
2026-04-13 06:35:57,077 DEBUG Ignoring kerberos packet - Not kerb-as-req
2026-04-13 07:06:15,922 DEBUG Ignoring kerberos packet - Not kerb-as-req
2026-04-13 07:06:15,932 DEBUG Ignoring kerberos packet - Not kerb-as-req
2026-04-13 07:06:15,952 DEBUG Ignoring kerberos packet - Not kerb-as-req
2026-04-13 07:06:15,959 DEBUG Ignoring kerberos packet - Not kerb-as-req
2026-04-13 07:21:15,896 DEBUG Ignoring kerberos packet - Not kerb-as-req
2026-04-13 07:21:15,904 DEBUG Ignoring kerberos packet - Not kerb-as-req
2026-04-13 08:20:55,898 DEBUG Ignoring kerberos packet - Not kerb-as-req
2026-04-13 08:20:55,907 DEBUG Ignoring kerberos packet - Not kerb-as-req
2026-04-13 08:33:05,848 DEBUG Ignoring kerberos packet - Not kerb-as-req
2026-04-13 08:33:05,861 DEBUG Ignoring kerberos packet - Not kerb-as-req
2026-04-13 08:39:50,000 DEBUG Ignoring kerberos packet - Not kerb-as-req
2026-04-13 08:39:50,013 DEBUG Ignoring kerberos packet - Not kerb-as-req
2026-04-13 08:39:50,556 DEBUG Ignoring kerberos packet - Not kerb-as-req
2026-04-13 08:39:50,562 DEBUG Ignoring kerberos packet - Not kerb-as-req
2026-04-13 08:39:50,582 DEBUG Ignoring kerberos packet - Not kerb-as-req
2026-04-13 08:39:50,585 DEBUG Ignoring kerberos packet - Not kerb-as-req
2026-04-13 08:39:50,589 DEBUG Ignoring kerberos packet - Not kerb-as-req
2026-04-13 11:58:52,010 DEBUG Ignoring kerberos packet - Not kerb-as-req
2026-04-13 11:58:52,022 DEBUG Ignoring kerberos packet - Not kerb-as-req
2026-04-13 12:02:02,343 DEBUG Ignoring kerberos packet - Not kerb-as-req
2026-04-13 12:02:02,450 DEBUG Ignoring kerberos packet - Not kerb-as-req
2026-04-13 12:02:02,724 DEBUG Ignoring kerberos packet - Not kerb-as-req
2026-04-13 12:02:02,935 DEBUG Ignoring kerberos packet - Not kerb-as-req
2026-04-13 14:35:56,691 INFO kerb-as-req for domain user TRIPWYRE.COM\DESKTOP-KEKFC2R$
2026-04-13 14:35:56,692 DEBUG Ignoring kerb-as-req for 'TRIPWYRE.COM\DESKTOP-KEKFC2R$'
2026-04-13 14:35:56,695 DEBUG Ignoring kerberos packet - Not kerb-as-req
2026-04-13 14:35:56,713 INFO kerb-as-req for domain user TRIPWYRE.COM\DESKTOP-KEKFC2R$
2026-04-13 14:35:56,713 DEBUG Ignoring kerb-as-req for 'TRIPWYRE.COM\DESKTOP-KEKFC2R$'
2026-04-13 14:35:56,718 DEBUG Ignoring kerberos packet - Not kerb-as-req
2026-04-13 14:35:56,738 DEBUG Ignoring kerberos packet - Not kerb-as-req
2026-04-13 14:35:56,742 DEBUG Ignoring kerberos packet - Not kerb-as-req
2026-04-13 14:35:56,744 DEBUG Ignoring kerberos packet - Not kerb-as-req
2026-04-13 16:36:16,669 DEBUG Ignoring kerberos packet - Not kerb-as-req
2026-04-13 16:36:16,682 DEBUG Ignoring kerberos packet - Not kerb-as-req
2026-04-13 16:36:16,705 DEBUG Ignoring kerberos packet - Not kerb-as-req
2026-04-13 16:36:16,711 DEBUG Ignoring kerberos packet - Not kerb-as-req
2026-04-13 16:51:16,756 DEBUG Ignoring kerberos packet - Not kerb-as-req
2026-04-13 16:51:16,763 DEBUG Ignoring kerberos packet - Not kerb-as-req
2026-04-13 18:05:55,729 DEBUG Ignoring kerberos packet - Not kerb-as-req
2026-04-13 18:05:55,740 DEBUG Ignoring kerberos packet - Not kerb-as-req
2026-04-13 18:19:49,297 DEBUG Ignoring kerberos packet - Not kerb-as-req
2026-04-13 18:19:49,303 DEBUG Ignoring kerberos packet - Not kerb-as-req
2026-04-13 18:19:49,552 DEBUG Ignoring kerberos packet - Not kerb-as-req
2026-04-13 18:19:49,559 DEBUG Ignoring kerberos packet - Not kerb-as-req
2026-04-13 18:19:49,813 DEBUG Ignoring kerberos packet - Not kerb-as-req
2026-04-13 18:19:49,819 DEBUG Ignoring kerberos packet - Not kerb-as-req
2026-04-13 18:19:49,840 DEBUG Ignoring kerberos packet - Not kerb-as-req
2026-04-13 18:19:49,849 DEBUG Ignoring kerberos packet - Not kerb-as-req
2026-04-13 18:19:49,852 DEBUG Ignoring kerberos packet - Not kerb-as-req
2026-04-13 18:27:53,903 DEBUG Ignoring kerberos packet - Not kerb-as-req
2026-04-13 18:27:53,909 DEBUG Ignoring kerberos packet - Not kerb-as-req
2026-04-13 18:27:53,933 DEBUG Ignoring kerberos packet - Not kerb-as-req
2026-04-13 18:27:53,944 DEBUG Ignoring kerberos packet - Not kerb-as-req
2026-04-13 21:43:51,731 DEBUG Ignoring kerberos packet - Not kerb-as-req
2026-04-13 21:43:51,736 DEBUG Ignoring kerberos packet - Not kerb-as-req
2026-04-13 22:21:15,021 INFO kerb-as-req for domain user TRIPWYRE\Administrator
2026-04-13 22:21:15,022 DEBUG Ignoring kerb-as-req for 'TRIPWYRE\Administrator'
2026-04-13 22:21:15,025 DEBUG Ignoring kerberos packet - Not kerb-as-req
2026-04-13 22:21:15,038 INFO kerb-as-req for domain user TRIPWYRE\Administrator
2026-04-13 22:21:15,038 DEBUG Ignoring kerb-as-req for 'TRIPWYRE\Administrator'
2026-04-13 22:21:15,042 DEBUG Ignoring kerberos packet - Not kerb-as-req
2026-04-13 22:21:15,058 DEBUG Ignoring kerberos packet - Not kerb-as-req
2026-04-13 22:21:15,063 DEBUG Ignoring kerberos packet - Not kerb-as-req
